Time(microseconds),data_set_0,data_set_1,data_set_2,data_set_3,data_set_4,data_set_5,data_set_6
0,600,600,604,600,655,604,601
8,600,604,604,600,655,604,600
17,600,606,600,600,655,604,601
26,600,604,600,601,655,604,601
35,600,604,600,601,604,604,601
44,600,606,600,601,604,604,600
53,600,604,600,601,604,604,609
61,600,604,600,601,604,604,609
70,600,604,600,601,604,603,609
79,600,606,600,601,604,603,611
88,600,606,600,601,604,604,611
97,600,604,600,601,606,603,609
106,600,604,600,601,604,601,608
114,600,606,600,600,604,601,608
123,600,604,600,600,604,601,611
132,600,604,600,601,604,604,609
141,600,606,600,601,604,601,609
150,600,604,600,601,604,601,609
159,600,604,600,601,604,601,611
167,600,604,600,601,604,601,609
176,600,604,600,600,604,604,609
185,600,604,600,601,604,601,609
194,600,604,600,601,604,601,609
203,600,604,600,600,604,601,608
212,600,604,600,601,604,601,608
220,600,604,600,600,604,601,608
229,600,604,600,601,604,601,609
238,600,604,600,601,604,601,609
247,600,604,600,600,604,601,608
256,600,604,600,601,604,601,608
265,600,604,600,600,604,601,608
273,600,604,600,600,604,601,608
282,600,604,600,601,604,601,608
291,600,604,600,601,604,601,608
300,600,604,600,601,604,601,609
309,600,604,600,600,604,601,608
318,600,604,600,601,604,601,608
326,600,604,600,600,604,601,608
335,600,604,600,601,604,601,608
344,600,604,600,601,604,601,608
353,600,604,600,601,604,601,608
362,600,604,600,601,604,601,608
371,600,604,600,600,604,601,608
380,600,604,600,601,604,601,608
388,600,604,600,601,604,601,608
397,600,604,600,601,604,601,608
406,600,604,600,600,604,601,608
415,600,604,600,600,604,601,608
424,600,604,600,600,604,601,608
433,600,604,600,601,604,601,608
441,600,604,600,600,604,601,608
450,600,604,600,600,604,601,608
459,600,604,600,600,604,601,608
468,600,604,600,600,604,601,608
477,600,604,604,600,604,601,608
486,600,604,622,600,604,601,608
494,600,604,624,600,604,600,608
503,600,604,635,600,604,601,608
512,600,604,639,600,604,601,608
521,600,604,659,600,604,601,608
530,600,604,671,600,604,601,608
539,600,604,688,600,604,601,608
547,600,604,700,600,604,601,608
556,600,604,700,600,604,601,608
565,600,604,688,600,604,601,608
574,600,604,684,600,604,601,608
583,600,604,681,600,604,601,608
592,600,604,679,600,604,601,608
600,600,604,679,600,604,601,608
609,600,604,679,600,604,601,608
618,600,604,678,600,604,601,608
627,600,604,675,600,604,601,608
636,600,604,673,600,604,600,608
645,600,604,671,600,604,601,608
653,600,604,671,600,604,601,608
662,600,604,671,600,604,601,608
671,600,604,671,600,604,600,608
680,600,604,671,600,604,600,608
689,600,604,671,601,604,601,608
698,600,604,668,600,604,600,608
707,600,604,668,600,604,601,608
715,600,604,668,600,604,600,608
724,600,604,665,600,604,600,608
733,600,604,665,600,604,600,608
742,600,604,664,600,604,600,608
751,600,604,664,600,604,601,608
760,600,604,659,600,604,600,608
768,608,604,664,600,604,601,608
777,615,604,664,600,604,600,608
786,632,604,659,600,604,600,608
795,638,604,659,600,604,600,608
804,655,604,664,600,604,600,608
813,668,604,659,600,604,600,608
821,684,604,657,600,604,600,608
830,700,604,655,600,604,600,608
839,696,604,654,600,604,600,608
848,688,604,654,600,604,600,608
857,684,604,652,600,604,600,608
866,679,604,647,600,604,600,608
874,679,604,647,600,604,600,608
883,675,604,647,600,604,600,608
892,675,603,647,600,604,600,608
901,671,604,647,600,604,600,608
910,671,604,647,600,604,600,608
919,671,604,647,600,604,600,608
927,671,604,647,600,604,600,608
936,668,604,647,600,604,600,608
945,664,604,647,600,604,601,608
954,664,604,643,600,603,600,608
963,664,604,644,600,604,600,608
972,662,604,643,600,603,600,608
980,664,603,639,600,603,600,608
989,664,604,643,600,604,600,608
998,660,604,639,600,604,600,606
1007,659,604,639,600,603,600,606
1016,655,601,639,600,604,600,608
1025,655,604,638,600,601,600,608
1033,657,604,639,600,604,600,608
1042,657,603,639,600,603,600,606
1051,655,604,639,608,604,600,608
1060,655,603,639,617,604,600,608
1069,655,604,639,624,604,600,606
1078,652,604,639,632,604,600,608
1087,652,604,639,639,603,600,608
1095,652,601,638,655,604,600,608
1104,652,601,636,671,603,600,608
1113,649,604,633,694,601,600,608
1122,647,604,636,704,601,600,606
1131,647,604,636,696,601,600,606
1140,647,601,636,688,601,600,608
1148,647,604,636,688,601,600,606
1157,647,603,638,688,601,600,606
1166,647,601,638,684,603,600,606
1175,646,601,636,684,603,600,606
1184,647,603,635,679,603,600,606
1193,639,604,636,678,601,600,608
1201,643,601,636,675,601,600,606
1210,639,604,636,673,601,600,606
1219,639,601,632,675,601,600,606
1228,639,601,632,671,603,600,606
1237,639,601,632,671,601,600,606
1246,639,601,632,671,601,600,606
1254,639,604,632,671,603,600,608
1263,638,604,632,671,601,600,606
1272,636,601,632,668,601,600,606
1281,636,601,632,665,601,600,606
1290,636,604,632,664,601,600,606
1299,636,603,627,664,601,600,608
1307,633,603,632,665,601,600,606
1316,636,601,632,664,601,600,606
1325,636,601,632,664,601,600,606
1334,633,601,632,664,601,600,606
1343,632,601,627,664,603,600,606
1352,632,601,627,659,601,600,606
1360,632,601,627,659,601,600,606
1369,633,601,627,659,603,600,604
1378,633,601,630,655,601,600,606
1387,632,601,630,655,601,600,606
1396,632,601,627,655,601,600,606
1405,632,601,627,654,601,600,606
1414,632,601,627,655,601,600,606
1422,632,601,630,655,601,600,606
1431,630,601,627,652,601,600,606
1440,627,601,627,647,601,600,606
1449,632,601,624,649,604,600,604
1458,632,601,624,649,601,600,606
1467,627,601,624,647,601,600,604
1475,627,601,624,647,601,600,604
1484,624,601,624,647,601,600,604
1493,627,601,624,647,601,600,606
1502,624,601,624,647,601,600,606
1511,624,601,624,646,601,600,604
1520,625,601,624,646,601,600,604
1528,624,601,624,647,601,600,604
1537,624,601,624,647,601,600,604
1546,624,601,622,639,601,600,604
1555,624,601,624,639,601,608,606
1564,624,601,624,639,601,611,604
1573,624,601,622,639,601,620,604
1581,624,601,624,638,601,632,606
1590,622,601,620,639,601,636,604
1599,624,601,622,639,601,649,604
1608,624,601,622,636,601,665,604
1617,624,601,624,633,601,679,604
1626,624,601,623,635,601,688,604
1634,624,601,620,638,601,684,604
1643,624,601,620,636,600,675,604
1652,624,601,620,636,601,671,604
1661,623,601,620,636,601,671,604
1670,620,601,620,633,601,671,604
1679,620,601,620,636,600,668,604
1687,617,600,617,636,601,665,604
1696,620,601,620,636,600,667,604
1705,620,601,620,636,600,664,604
1714,622,601,620,636,601,662,604
1723,620,601,620,632,600,657,604
1732,620,600,620,632,601,655,604
1740,620,600,615,632,600,655,604
1749,620,601,617,636,600,655,604
1758,622,600,620,633,601,655,604
1767,620,601,615,632,601,655,604
1776,620,600,620,632,601,654,604
1785,620,601,615,632,601,654,604
1794,620,601,620,632,601,652,604
1802,617,601,617,632,600,649,604
1811,619,601,619,632,601,647,604
1820,617,601,617,632,600,647,604
1829,620,601,615,632,600,647,604
1838,620,600,617,632,600,647,604
1847,620,600,617,627,600,646,604
1855,620,600,617,627,600,646,604
1864,619,601,615,625,600,646,604
1873,617,600,615,624,601,639,604
1882,617,600,615,627,600,639,604
1891,615,601,615,627,600,639,604
1900,615,601,617,627,600,639,604
1908,620,601,615,627,600,639,604
1917,620,600,615,627,600,636,604
1926,620,600,615,627,600,633,604
1935,615,601,615,625,600,636,604
1944,617,601,615,624,600,636,604
1953,619,600,615,624,600,635,604
1961,615,600,615,624,600,636,604
1970,617,600,615,624,600,632,604
1979,620,601,615,624,600,633,604
1988,615,600,615,624,600,632,604
1997,615,600,615,624,600,632,604
2006,615,600,615,624,600,632,604
2014,615,600,615,624,600,632,604
2023,615,600,615,624,600,632,604
2032,615,600,615,624,600,632,604
2041,615,600,615,624,600,632,604
2050,615,600,615,624,600,632,604
2059,615,601,615,623,600,627,604
2067,615,600,615,624,600,627,604
2076,615,600,615,624,600,632,604
2085,615,600,615,624,600,632,604
2094,615,600,614,624,601,630,604
2103,615,601,614,622,600,627,604
2112,615,600,615,624,600,624,604
2121,615,600,615,624,600,625,604
2129,615,600,615,624,600,625,604
2138,615,600,615,622,600,625,604
2147,615,600,615,622,600,627,604
2156,615,600,615,624,600,624,604
2165,615,600,614,622,600,624,604
2174,615,600,615,622,600,624,604
2182,615,600,614,622,600,624,604
2191,615,600,615,620,600,624,604
2200,615,600,614,624,600,624,604
2209,615,600,611,622,600,624,604
2218,615,600,614,620,600,624,604
2227,615,601,614,620,600,627,604
2235,615,600,615,620,600,624,604
2244,614,600,614,620,600,624,604
2253,614,600,614,617,600,622,604
2262,614,600,614,620,600,624,604
2271,615,600,611,620,600,624,604
2280,615,600,614,622,600,624,604
2288,615,600,614,620,600,624,604
2297,615,600,614,620,600,624,604
2306,614,600,614,617,600,623,604
2315,614,600,611,620,600,622,604
2324,615,600,611,620,600,624,604
2333,615,600,611,620,600,624,604
2341,615,600,611,617,600,623,604
2350,615,600,611,620,600,620,604
2359,615,600,611,615,600,624,604
2368,614,600,611,615,600,622,604
2377,615,600,611,617,600,623,604
2386,615,600,614,615,600,622,604
2394,611,600,611,615,600,622,604
2403,612,600,611,620,600,622,604
2412,614,600,611,617,600,620,604
2421,615,600,611,615,600,622,604
2430,615,600,614,615,600,620,604
2439,615,600,611,615,600,622,604
2447,611,600,611,615,600,622,604
2456,612,600,611,615,600,620,604
2465,614,600,611,615,600,622,604
2474,611,600,611,615,600,622,604
2483,614,600,611,615,600,620,603
2492,612,600,611,615,600,620,604
2501,611,600,611,615,600,617,604
2509,612,600,611,615,600,620,604
2518,611,600,611,615,600,620,604
2527,611,600,611,615,600,620,604
2536,611,600,611,615,600,620,604
2545,611,600,609,615,600,617,604
2554,611,600,611,615,600,617,604
2562,611,600,611,615,600,620,604
2571,614,600,611,615,600,619,604
2580,611,600,609,615,606,620,604
2589,611,600,611,615,624,617,604
2598,611,600,609,615,624,620,601
2607,611,600,609,615,636,615,601
2615,614,600,611,615,646,615,604
2624,611,600,611,615,664,615,604
2633,611,600,611,615,671,615,604
2642,611,600,611,615,691,615,604
2651,611,600,611,615,696,615,601
2660,611,600,609,615,688,615,603
2668,611,600,611,615,678,615,604
2677,611,600,611,614,671,615,601
2686,611,600,609,614,671,615,601
2695,611,600,611,615,671,615,601
2704,611,600,609,614,671,615,603
2713,611,600,609,614,671,615,601
2721,611,600,611,615,670,615,601
2730,611,600,611,615,668,615,604
2739,611,600,611,615,668,615,601
2748,609,600,609,615,664,615,604
2757,611,600,611,611,664,615,603
2766,611,600,611,614,664,615,601
2774,611,600,611,614,664,615,601
2783,611,600,609,615,662,615,601
2792,611,600,609,615,659,615,604
2801,611,600,609,614,659,615,601
2810,611,600,609,615,657,615,601
2819,611,600,608,615,657,615,601
2828,609,600,609,614,657,615,601
2836,609,600,611,611,655,615,601
2845,611,600,609,615,655,615,601
2854,611,600,608,614,654,615,601
2863,611,600,609,614,654,615,601
2872,611,600,611,611,652,615,601
2881,609,600,609,611,647,615,601
2889,609,600,609,611,647,615,601
2898,611,600,608,611,647,615,601
2907,609,600,608,614,647,615,601
2916,609,608,608,611,647,615,601
2925,611,620,608,611,647,615,601
2934,611,624,609,614,647,615,601
2942,611,632,608,611,647,615,601
2951,608,639,608,614,643,615,601
2960,608,655,609,614,646,615,601
2969,609,684,608,611,646,615,601
2978,609,691,608,611,639,615,601
2987,609,679,608,611,639,615,601
2995,609,671,608,611,639,615,601
3004,609,670,609,611,639,614,601
3013,609,665,608,611,639,615,600
3022,609,664,608,611,639,614,601
3031,608,662,608,611,639,614,601
3040,609,664,608,614,639,614,600
3048,609,664,608,611,639,611,601
3057,608,664,608,611,639,614,600
3066,609,659,608,614,639,611,600
3075,608,659,608,611,636,611,600
3084,609,655,608,611,636,614,600
3093,609,652,608,611,636,611,600
3101,608,654,608,611,636,611,601
3110,608,652,608,611,632,614,600
3119,608,647,608,611,632,614,600
3128,608,646,608,609,632,611,600
3137,608,639,608,611,632,614,601
3146,609,647,608,611,632,611,601
3154,608,647,608,611,625,611,601
3163,608,643,608,611,627,611,601
3172,608,643,608,611,627,611,601
3181,608,639,609,611,632,611,601
3190,608,639,608,609,632,611,600
3199,608,639,608,611,630,611,601
3208,608,639,608,611,632,611,601
3216,608,639,608,611,632,609,600
3225,608,639,608,609,628,611,601
3234,608,636,608,609,630,611,601
3243,608,638,608,611,630,611,600
3252,608,636,608,609,630,609,600
3261,608,636,608,611,627,611,600
3269,608,638,608,609,627,609,600
3278,608,638,608,609,627,609,600
3287,608,633,608,609,627,611,600
3296,608,632,608,609,627,611,601
3305,608,633,608,609,630,611,601
3314,608,636,608,609,625,609,600
3322,608,636,608,609,625,611,601
3331,608,636,608,609,627,611,601
3340,608,636,608,611,624,611,600
3349,608,633,608,609,627,611,600
3358,608,632,608,609,625,609,600
3367,608,632,608,609,625,611,600
3375,608,632,608,609,625,609,600
3384,608,630,608,609,625,609,600
3393,608,632,608,609,624,609,600
3402,608,630,608,609,624,609,600
3411,608,632,608,609,624,611,600
3420,608,632,608,609,624,609,600
3428,608,632,608,609,624,609,600
3437,608,632,608,608,624,609,600
3446,608,632,608,608,625,609,601
3455,608,632,608,608,624,609,600
3464,608,627,608,608,624,611,600
3473,608,630,608,608,624,608,600
3481,608,627,608,609,624,609,600
3490,608,627,608,608,624,608,600
3499,608,625,608,608,620,609,601
3508,608,627,608,609,620,609,600
3517,608,625,608,609,622,609,600
3526,608,625,608,609,622,608,600
3535,608,625,608,608,620,609,600
3543,608,624,608,608,624,609,600
3552,608,624,608,608,622,608,600
3561,608,624,608,608,624,608,600
3570,608,625,608,609,622,608,600
3579,608,624,608,608,620,608,600
3588,608,624,608,609,620,609,600
3596,608,625,608,609,620,609,600
3605,608,624,608,608,622,608,600
3614,608,624,608,608,622,608,600
3623,608,624,608,608,620,608,600
3632,608,623,608,608,620,608,600
3641,608,624,608,608,617,608,600
3649,608,622,608,608,620,608,600
3658,608,624,608,608,620,609,600
3667,608,624,608,608,620,608,600
3676,608,622,608,608,620,608,600
3685,608,623,608,608,620,609,600
3694,608,622,608,608,617,608,600
3702,608,620,608,608,620,608,600
3711,608,620,608,608,620,609,600
3720,608,620,608,608,620,608,600
3729,608,620,608,608,617,608,600
3738,608,620,608,608,619,608,600
3747,608,620,608,608,615,608,600
3755,608,620,608,608,615,608,600
3764,608,620,608,608,615,608,600
3773,608,620,606,608,620,608,600
3782,608,617,608,608,620,608,600
3791,608,620,608,608,620,608,600
3800,608,620,608,608,617,608,600
3808,608,615,606,608,615,608,600
3817,608,617,606,608,617,608,600
3826,608,620,608,608,615,608,600
3835,608,617,608,608,615,608,600
3844,608,619,606,608,617,608,600
3853,608,615,608,608,615,608,600
3861,608,615,608,608,615,608,600
3870,608,615,608,608,615,608,600
3879,608,615,608,608,615,608,600
3888,608,615,608,608,615,608,600
3897,608,615,606,608,617,608,600
3906,608,615,608,608,615,608,600
3915,606,615,606,608,615,608,600
3923,608,615,608,608,615,608,600
3932,608,615,608,608,615,608,600
3941,608,615,606,608,615,608,600
3950,608,615,606,608,615,608,600
3959,608,615,606,608,615,608,600
3968,608,615,606,608,615,608,600
3976,608,615,606,608,615,608,600
3985,606,615,606,608,615,608,600
3994,608,615,606,608,614,608,600
4003,606,615,606,608,615,608,600
4012,608,615,606,608,615,608,600
4021,606,615,606,608,614,608,600
4029,606,615,606,608,615,608,600
4038,606,615,606,608,615,608,600
4047,608,615,606,608,615,608,600
4056,608,615,606,608,615,608,600
4065,606,614,606,608,615,608,600
4074,606,615,606,608,615,608,600
4082,606,615,606,608,614,608,600
4091,606,615,604,608,614,608,600
4100,608,615,606,608,614,608,600
4109,608,615,606,608,614,608,600
4118,608,615,606,608,615,608,600
4127,606,615,604,608,615,608,600
4135,608,615,606,608,614,608,600
4144,608,615,606,608,615,608,600
4153,606,615,606,608,611,608,600
4162,606,614,606,608,615,608,600
4171,606,615,606,608,614,608,600
4180,606,615,606,608,615,608,600
4188,606,615,604,608,614,608,600
4197,606,615,606,608,614,608,600
4206,606,615,606,608,614,608,600
4215,606,615,606,608,614,608,600
4224,604,614,604,608,614,608,600
4233,606,614,604,608,614,608,600
4242,606,615,604,608,614,608,600
4250,606,615,606,608,611,608,600
4259,606,615,606,608,614,608,600
4268,606,614,606,608,612,608,600
4277,606,611,604,608,611,608,600
4286,606,614,606,608,615,608,600
4295,606,612,604,608,614,608,600
4303,606,614,604,608,614,608,600
4312,604,614,604,606,614,608,600
4321,606,615,604,608,611,608,600
4330,604,614,604,608,611,608,600
4339,606,615,606,608,614,608,600
4348,606,611,604,608,611,608,600
4356,606,611,604,608,611,606,600
4365,604,614,606,608,611,608,600
4374,606,614,604,608,611,608,600
4383,606,615,604,608,611,608,600
4392,606,614,606,606,611,608,600
4401,604,611,604,608,611,606,600
4409,606,614,604,608,611,608,600
4418,606,614,604,606,611,606,600
4427,604,611,604,608,611,608,600
4436,604,614,604,608,611,606,600
4445,604,611,604,608,611,606,600
4454,606,614,604,608,609,606,600
4462,606,611,604,606,611,606,600
4471,604,612,604,606,611,606,600
4480,604,614,604,608,611,608,600
4489,606,611,604,608,611,606,600
4498,604,611,604,608,611,608,600
4507,604,611,604,606,611,606,600
4515,604,611,604,606,611,606,611
4524,604,611,604,608,611,606,615
4533,606,611,604,608,611,606,627
4542,606,611,604,606,611,608,639
4551,604,611,604,606,611,606,654
4560,604,609,606,606,609,606,664
4568,604,611,604,608,611,606,679
4577,606,611,604,606,609,606,688
4586,604,611,604,606,609,606,678
4595,606,611,604,606,608,606,671
4604,604,611,604,606,611,606,670
4613,604,611,604,606,609,606,664
4622,604,611,604,606,609,606,664
4630,604,611,604,606,609,606,662
4639,604,611,604,606,611,606,659
4648,606,611,604,606,609,604,657
4657,604,611,604,606,611,606,655
4666,604,611,604,606,608,604,655
4675,604,611,604,606,609,606,657
4683,604,611,604,606,609,604,655
4692,604,611,604,606,609,606,652
4701,604,611,604,606,609,604,652
4710,604,611,604,606,609,606,647
4719,604,611,604,606,609,604,649
4728,604,611,604,606,609,604,647
4736,604,611,604,606,609,604,646
4745,604,611,604,606,609,604,646
4754,604,609,604,606,609,606,639
4763,604,609,604,606,609,606,639
4772,604,611,604,608,609,606,639
4781,604,611,604,606,609,604,639
4789,604,611,604,606,609,604,639
4798,604,609,604,604,609,606,639
4807,604,611,604,606,608,606,639
4816,604,609,604,606,609,606,639
4825,604,611,604,606,608,606,639
4834,604,609,604,604,608,606,638
4842,604,609,604,606,608,604,636
4851,604,611,604,606,608,606,636
4860,604,611,604,606,608,606,632
4869,604,611,604,606,608,604,632
4878,604,609,604,606,608,604,632
4887,604,609,604,606,608,604,632
4895,604,609,604,606,608,604,632
4904,604,609,604,604,608,604,632
4913,604,609,604,604,609,604,632
4922,604,608,604,604,608,604,632
4931,604,609,604,604,608,604,636
4940,604,609,604,604,608,604,632
4949,604,609,604,604,608,604,632
4957,604,608,604,604,608,604,630
4966,604,609,604,606,608,604,632
4975,604,608,604,604,608,604,632
4984,604,611,604,606,608,604,630
4993,604,609,604,606,608,604,627
5002,604,609,604,604,608,604,627
5010,604,608,604,604,608,604,627
5019,604,609,604,604,608,604,627
5028,604,609,604,604,608,604,627
5037,604,609,604,606,608,604,627
5046,604,608,604,604,608,604,625
5055,604,608,604,604,608,604,627
5063,604,608,604,604,608,604,625
5072,604,608,604,604,608,604,625
5081,604,609,604,604,608,604,624
5090,604,608,604,604,608,604,625
5099,604,608,604,604,608,604,624
5108,604,608,604,606,608,604,624
5116,604,608,604,606,608,604,624
5125,604,609,604,604,608,604,624
5134,604,608,604,604,608,604,624
5143,604,608,604,604,608,606,624
5152,604,608,604,604,608,604,622
5161,604,609,604,604,608,604,622
5169,604,608,604,604,608,604,624
5178,604,608,604,604,608,604,624
5187,604,608,604,604,608,604,620
5196,604,608,604,604,608,604,620
5205,604,609,604,604,608,604,623
5214,604,608,604,604,608,604,622
5222,604,608,604,604,608,604,622
5231,604,608,604,604,608,604,624
5240,604,608,604,604,608,604,620
5249,604,608,604,604,608,604,620
5258,604,608,604,604,608,604,624
5267,604,608,604,604,608,604,620
5275,604,608,604,604,608,604,622
5284,604,608,604,604,608,604,620
5293,604,608,604,604,608,604,620
5302,604,608,604,604,608,604,622
5311,604,608,604,604,608,604,622
5320,604,608,604,604,608,604,620
5329,604,608,604,604,608,604,620
5337,604,608,604,604,608,604,620
5346,604,608,604,604,608,604,622
5355,604,608,604,604,608,604,620
5364,604,608,604,604,608,604,620
5373,604,608,604,604,608,604,620
5382,604,608,604,604,608,604,620
5390,604,608,604,604,608,604,620
5399,604,608,604,604,608,604,620
5408,604,608,604,604,608,604,617
5417,604,608,604,604,608,604,620
5426,604,608,604,604,608,604,617
5435,604,608,604,604,608,604,617
5443,604,608,604,604,608,604,617
5452,604,608,604,604,608,604,617
5461,604,608,604,604,608,604,615
5470,604,608,601,604,608,604,617
5479,604,608,603,604,608,604,615
5488,604,608,604,604,608,604,615
5496,604,608,604,604,608,604,620
5505,604,608,604,604,608,604,615
5514,604,608,604,604,608,604,615
5523,604,608,604,604,608,604,615
5532,604,608,604,604,608,604,615
5541,604,608,604,604,608,604,615
5549,604,608,604,604,608,604,615
5558,604,608,604,604,608,604,615
5567,604,608,601,604,608,604,615
5576,604,608,604,604,608,604,615
5585,604,608,604,604,608,604,615
5594,604,608,604,604,608,604,615
5602,604,608,604,604,608,604,615
5611,604,608,603,604,608,604,615
5620,604,608,604,604,608,604,615
5629,604,608,601,604,608,604,615
5638,604,608,601,604,608,604,615
5647,603,608,604,604,608,604,615
5656,604,608,603,604,606,604,615
5664,604,608,604,604,608,604,615
5673,601,608,604,604,608,604,615
5682,604,608,603,604,608,604,615
5691,604,608,604,604,608,604,615
5700,604,608,601,604,608,604,615
5709,601,608,603,604,606,604,615
5717,603,608,601,604,608,604,615
5726,604,608,601,604,606,604,615
5735,603,608,603,604,608,601,615
5744,601,608,601,604,608,604,615
5753,601,608,603,604,608,604,615
5762,603,608,603,604,606,604,615
5770,604,608,601,604,608,604,615
5779,604,608,604,604,606,604,615
5788,601,608,603,604,608,604,615
5797,601,608,603,604,606,604,614
5806,603,608,601,604,606,604,615
5815,601,608,601,604,606,604,615
5823,601,608,603,604,604,604,615
5832,601,608,601,604,608,604,614
5841,603,608,604,604,606,601,614
5850,604,608,603,604,606,603,612
5859,601,608,604,604,606,604,614
5868,601,608,601,604,608,604,611
5876,601,608,604,604,606,604,615
5885,601,608,601,604,606,604,615
5894,601,608,601,604,606,604,614
5903,603,608,601,604,606,604,615
5912,603,608,601,604,606,604,615
5921,601,608,601,604,606,604,615
5929,603,608,601,604,606,604,614
5938,601,608,603,603,606,601,614
5947,601,608,601,604,606,603,612
5956,601,608,601,601,606,604,615
5965,601,608,601,603,606,601,615
5974,601,608,601,604,604,601,611
5982,601,608,601,604,606,604,611
5991,601,608,601,604,606,604,611
6000,603,608,601,604,606,604,614
6009,601,608,604,604,606,601,611
6018,601,608,601,604,606,604,611
6027,601,608,601,604,604,604,611
6036,601,608,601,604,606,604,611
6044,601,608,601,603,606,603,611
6053,601,608,601,604,606,601,611
6062,601,606,601,604,606,601,611
6071,601,608,601,604,606,601,611
6080,601,608,601,601,604,601,611
6089,601,608,601,604,606,601,611
6097,601,608,601,604,606,601,611
6106,601,608,601,604,604,604,611
6115,601,608,601,604,604,603,611
6124,601,608,601,604,604,604,611
6133,601,606,601,604,604,601,611
6142,601,608,601,604,606,601,611
6150,601,606,601,604,604,601,611
6159,601,608,601,601,604,601,611
6168,601,608,601,604,604,601,611
6177,600,608,601,603,604,601,611
6186,601,608,601,601,606,601,611
6195,600,606,601,601,604,601,611
6203,601,606,601,604,606,601,611
6212,601,606,601,603,604,601,611
6221,601,606,601,603,606,601,611
6230,601,608,601,601,604,601,611
6239,601,606,601,603,604,601,609
6248,601,606,601,603,604,601,611
6256,601,606,601,601,604,601,611
6265,601,606,601,601,604,601,609
6274,601,606,601,603,606,601,611
6283,601,606,601,601,604,601,609
6292,601,606,601,604,604,601,611
6301,601,606,601,601,606,601,611
6309,601,606,601,601,604,601,611
6318,601,606,601,601,604,600,611
6327,601,606,601,601,604,601,611
6336,601,606,601,601,604,601,611
6345,601,606,601,603,604,601,609
6354,601,606,601,601,604,601,611
6363,601,608,601,603,604,601,609
6371,601,606,601,604,604,601,609
6380,601,606,601,603,604,601,609
6389,601,606,601,601,604,601,609
6398,601,604,601,601,604,601,609
6407,601,606,601,603,604,601,609
6416,601,604,600,601,604,601,609
6424,601,606,601,601,604,601,609
6433,601,606,601,601,604,601,609
6442,601,606,601,601,604,601,609
6451,601,604,601,601,604,600,609
6460,601,604,601,601,604,600,608
6469,601,606,601,601,604,601,609
6477,601,606,600,601,604,601,611
6486,601,606,601,601,604,601,609
6495,601,606,601,601,604,601,609
6504,601,606,600,601,604,601,608
6513,601,606,600,601,604,601,609
6522,601,604,600,601,604,601,608
6530,601,606,600,601,604,601,609
6539,601,606,600,601,604,601,608
6548,601,606,600,601,604,601,609
6557,600,604,600,601,604,601,608
6566,601,604,600,601,604,601,608
6575,600,604,601,601,604,601,608
6583,600,606,601,601,604,601,608
6592,601,604,600,601,604,601,609
6601,600,604,600,601,604,601,609
6610,600,604,600,601,604,600,608
6619,600,606,600,601,604,601,608
6628,600,606,600,601,604,600,608
6636,600,604,600,601,604,600,608
6645,601,604,600,601,604,600,608
6654,600,604,601,601,604,600,608
6663,601,606,600,601,604,601,608
6672,600,604,600,600,604,600,608
6681,600,606,600,601,604,600,608
6689,600,604,600,601,604,601,608
6698,600,606,601,601,604,600,608
6707,601,606,600,601,604,600,608
6716,600,604,600,601,604,600,608
6725,600,604,601,601,604,601,608
6734,601,604,601,601,604,600,608
6743,600,604,600,601,604,601,608
6751,600,604,600,601,604,600,608
6760,600,604,600,601,604,600,608
6769,600,606,600,601,604,600,608
6778,600,604,600,601,604,600,608
6787,600,604,600,601,604,600,608
6796,600,604,600,601,604,600,608
6804,600,604,600,601,604,600,608
6813,600,604,600,600,604,600,608
6822,601,604,600,601,604,600,608
6831,600,604,600,600,604,600,608
6840,600,604,600,601,604,600,608
6849,600,604,600,600,604,600,608
6857,600,604,600,600,604,600,608
6866,600,604,600,600,604,600,608
6875,600,604,600,601,604,600,608
6884,600,604,600,600,604,600,608
6893,600,604,600,601,604,600,608
6902,600,604,600,601,604,600,608
6910,600,604,600,600,604,600,608
6919,600,604,600,601,604,600,608
6928,600,604,600,601,604,600,608
6937,600,604,600,601,604,600,608
6946,600,604,600,600,604,600,608
6955,601,604,600,600,604,600,608
6963,600,604,600,600,604,600,608
6972,600,604,600,600,604,600,608
6981,600,604,600,600,604,600,608
6990,600,604,600,601,604,600,608
6999,600,604,600,601,604,600,608
7008,600,604,600,601,604,600,608
7016,600,604,600,601,604,600,608
7025,600,604,600,600,604,600,608
7034,600,604,600,600,604,600,608
7043,600,604,600,600,604,601,608
7052,600,604,600,600,604,600,608
7061,600,604,600,600,604,600,608
7070,600,604,600,600,604,600,608
7078,600,604,600,600,604,600,608
7087,600,604,600,600,604,600,608
7096,600,604,600,601,604,600,608
7105,600,604,600,600,604,600,608
7114,600,604,600,600,604,600,608
7123,600,604,600,600,604,600,608
7131,600,604,600,600,604,600,608
7140,600,604,600,600,604,600,608
7149,600,604,600,601,604,600,608
7158,600,604,600,601,604,600,608
7167,600,604,600,600,604,600,608
7176,600,604,600,600,604,600,608
7184,600,604,600,600,604,600,608
7193,600,604,600,600,604,600,608
7202,600,604,600,600,604,600,608
7211,600,604,600,600,604,600,608
7220,600,604,600,600,604,600,608
7229,600,604,600,600,604,600,608
7237,600,604,600,600,604,600,608
7246,600,604,600,600,604,600,608
7255,600,604,600,600,604,600,608
7264,600,604,600,600,601,600,608
7273,600,604,600,600,603,600,608
7282,600,604,600,600,604,600,608
7290,600,604,600,600,604,600,608
7299,600,604,600,600,603,600,608
7308,600,604,600,600,604,600,608
7317,600,604,600,600,603,600,608
7326,600,604,600,600,604,600,608
7335,600,604,600,600,603,600,608
7343,600,604,600,600,604,600,608
7352,600,604,600,600,604,600,608
7361,600,604,600,600,604,600,608
7370,600,604,600,600,604,600,608
7379,600,604,600,600,603,600,608
7388,600,604,600,600,604,600,608
7396,600,604,600,600,603,600,608
7405,600,604,600,600,604,600,608
7414,600,604,600,600,603,600,608
7423,600,604,600,600,603,600,608
7432,600,604,600,600,604,600,608
7441,600,604,600,600,604,600,608
7450,600,604,608,600,604,600,608
7458,600,604,620,600,604,600,608
7467,600,604,624,600,603,600,608
7476,600,604,632,600,601,600,608
7485,600,604,638,600,601,600,608
7494,600,604,654,600,604,600,608
7503,600,604,668,600,601,600,608
7511,600,604,684,600,603,600,606
7520,600,604,696,600,604,600,608
7529,600,604,681,600,601,600,608
7538,600,604,675,600,601,600,608
7547,600,604,671,600,604,600,606
7556,600,604,670,600,604,600,608
7564,600,604,668,600,601,600,606
7573,600,604,671,600,601,600,608
7582,600,604,668,600,601,600,608
7591,600,604,664,600,601,600,606
7600,600,604,664,600,601,600,606
7609,600,604,664,600,601,600,606
7617,600,604,662,600,601,600,606
7626,600,604,659,600,601,600,606
7635,600,604,655,600,601,600,606
7644,600,604,655,600,601,600,608
7653,600,604,654,600,601,600,606
7662,600,604,654,600,601,600,606
7670,600,604,652,600,601,600,606
7679,600,604,652,600,601,600,608
7688,600,604,651,600,601,600,606
7697,600,604,647,600,601,600,606
7706,600,604,647,600,601,600,608
7715,600,604,647,600,601,600,606
7723,600,604,647,611,601,600,606
7732,600,604,647,615,601,600,606
7741,600,604,643,627,601,600,606
7750,600,604,647,632,601,600,608
7759,600,604,639,647,601,600,606
7768,600,604,643,657,601,600,606
7777,608,604,639,670,601,600,606
7785,620,604,639,678,601,600,606
7794,622,604,639,668,601,600,606
7803,632,604,639,664,601,600,604
7812,638,604,639,659,601,600,606
7821,652,601,639,655,601,600,606
7830,668,604,639,652,601,600,606
7838,679,604,639,647,601,600,606
7847,679,604,639,647,601,600,606
7856,671,604,639,647,601,600,606
7865,665,604,639,646,601,600,606
7874,659,604,639,639,601,600,606
7883,655,604,636,639,601,600,606
7891,652,604,636,639,601,600,606
7900,651,604,633,638,601,600,606
7909,652,604,632,638,601,600,606
7918,649,604,633,639,601,600,604
7927,652,604,632,638,600,600,604
7936,649,604,632,639,601,600,606
7944,649,604,632,636,601,600,606
7953,647,604,632,636,601,600,606
7962,639,601,632,633,600,600,606
7971,639,603,630,635,600,600,604
7980,639,604,632,632,601,600,604
7989,646,604,627,632,600,600,606
7997,646,603,625,632,601,600,604
8006,639,604,625,633,601,600,606
8015,639,604,628,632,601,600,606
8024,639,604,627,632,601,600,604
8033,638,604,625,632,600,611,604
8042,638,601,625,632,600,620,606
8050,639,601,624,630,601,624,606
8059,636,601,624,627,600,636,604
8068,636,604,624,627,600,639,604
8077,636,604,625,627,601,655,604
8086,636,604,625,627,601,671,604
8095,633,604,627,627,600,684,604
8103,636,601,627,627,601,689,604
8112,632,604,627,625,601,681,604
8121,632,601,627,627,600,675,604
8130,632,601,624,625,600,671,604
8139,632,601,624,625,600,671,604
8148,632,603,624,625,600,668,604
8157,632,601,624,624,600,664,604
8165,632,601,624,624,600,665,604
8174,632,604,624,624,600,664,604
8183,632,601,624,624,600,664,604
8192,632,603,624,624,601,664,604
8201,632,601,624,624,600,664,604
8210,630,603,625,622,600,657,604
8218,625,601,624,624,600,659,604
8227,624,603,624,624,600,655,604
8236,624,604,624,624,600,657,604
8245,624,601,624,623,600,655,604
8254,625,604,624,624,600,657,604
8263,625,601,622,624,600,655,604
8271,624,601,623,624,601,655,604
8280,624,601,622,624,600,655,604
8289,624,601,622,623,600,655,604
8298,624,603,624,620,600,655,604
8307,624,601,624,620,600,655,604
8316,624,601,624,622,600,652,604
8324,624,603,623,620,600,652,604
8333,622,601,624,624,600,654,604
8342,623,601,622,620,600,652,604
8351,623,604,622,620,600,652,604
8360,624,604,620,615,600,647,604
8369,624,601,620,620,600,649,604
8377,622,601,620,620,600,647,604
8386,622,601,620,617,600,647,604
8395,622,601,620,617,600,647,604
8404,622,601,622,617,600,646,604
8413,624,601,620,617,600,646,604
8422,622,601,620,617,600,647,604
8430,620,601,622,615,600,643,604
8439,619,601,620,620,600,639,604
8448,620,601,620,620,600,646,604
8457,617,601,620,617,600,643,604
8466,620,601,617,615,600,639,604
8475,620,601,620,615,600,639,604
8484,620,601,617,615,600,639,604
8492,617,601,620,615,600,638,604
8501,620,601,620,615,600,636,604
8510,620,601,615,615,600,638,604
8519,620,603,617,617,600,633,604
8528,617,601,615,615,600,633,604
8537,615,601,615,615,600,633,604
8545,615,601,615,615,600,632,604
8554,617,601,615,615,600,633,604
8563,615,601,615,615,600,636,604
8572,615,601,617,615,600,633,604
8581,615,601,617,615,600,633,604
8590,615,601,615,615,600,632,604
8598,615,601,615,615,600,632,604
8607,615,601,615,615,600,633,604
8616,617,601,615,615,600,632,604
8625,617,601,615,615,600,632,604
8634,615,601,615,615,600,632,604
8643,615,601,615,615,600,630,604
8651,617,601,615,615,600,630,604
8660,615,601,615,615,600,628,604
8669,615,601,615,615,600,632,604
8678,615,601,615,614,600,632,604
8687,615,601,615,615,600,630,604
8696,615,601,615,615,600,627,604
8704,617,601,615,615,600,627,604
8713,615,601,615,615,600,627,604
8722,615,601,615,615,600,627,604
8731,617,600,615,614,600,624,604
8740,615,601,615,614,600,624,604
8749,615,601,615,615,600,624,604
8757,615,601,615,615,600,625,604
8766,615,601,615,615,600,627,604
8775,615,601,615,615,600,625,604
8784,615,601,615,614,600,627,604
8793,615,601,614,615,600,627,604
8802,615,601,615,614,600,627,604
8810,615,601,615,614,600,624,604
8819,615,600,614,614,600,627,604
8828,615,601,615,614,600,627,604
8837,615,601,615,615,600,625,604
8846,615,601,615,614,600,624,604
8855,615,601,615,611,600,625,604
8864,614,601,615,611,600,624,604
8872,614,601,614,611,600,624,604
8881,615,601,615,614,600,624,604
8890,615,601,615,611,600,622,604
8899,615,601,615,614,600,624,604
8908,614,600,615,614,600,622,604
8917,615,601,615,614,600,622,604
8925,615,600,615,611,600,622,604
8934,615,600,615,611,600,624,604
8943,615,601,614,611,600,622,604
8952,614,601,614,614,600,624,604
8961,614,601,614,611,600,622,604
8970,615,601,614,611,600,622,604
8978,615,600,614,611,600,620,604
8987,614,600,614,611,600,620,604
8996,614,601,614,611,600,620,604
9005,614,600,615,614,600,620,604
9014,615,600,614,611,600,620,604
9023,615,601,614,611,600,620,604
9031,615,601,611,611,600,622,604
9040,615,601,614,614,600,622,604
9049,614,601,614,611,600,620,604
9058,614,601,614,611,600,620,604
9067,614,600,611,611,600,620,604
9076,611,600,612,611,600,620,604
9084,611,600,611,611,600,620,604
9093,614,600,611,611,600,620,604
9102,614,601,611,611,600,617,603
9111,614,601,611,611,600,617,604
9120,614,600,611,614,600,615,604
9129,614,600,614,611,600,615,604
9137,615,600,611,611,600,615,604
9146,614,601,611,612,600,615,604
9155,614,600,611,611,600,615,604
9164,614,600,611,611,600,615,604
9173,611,600,611,611,600,615,603
9182,614,600,614,611,600,615,604
9191,614,600,614,611,600,615,603
9199,614,600,612,609,600,615,604
9208,611,600,611,611,600,615,604
9217,614,600,611,611,600,619,604
9226,611,600,611,609,600,615,604
9235,611,600,611,611,600,615,604
9244,614,600,614,611,600,617,604
9252,612,600,611,611,600,615,604
9261,614,600,611,611,600,615,604
9270,611,601,611,611,600,615,604
9279,611,600,611,611,604,615,604
9288,611,600,611,611,614,615,604
9297,611,600,611,609,624,615,604
9305,611,600,611,609,632,615,603
9314,614,600,611,611,639,615,604
9323,611,600,611,611,654,620,604
9332,611,600,611,611,671,615,601
9341,611,600,611,609,686,615,604
9350,611,600,611,609,700,615,604
9358,611,600,611,609,704,615,604
9367,611,600,611,609,696,615,604
9376,611,600,611,609,687,615,601
9385,611,600,611,609,679,615,601
9394,611,600,611,609,679,615,604
9403,611,600,611,611,679,615,604
9411,611,600,611,608,679,615,604
9420,609,600,611,611,678,615,601
9429,611,600,611,609,675,615,604
9438,611,600,609,608,671,615,604
9447,611,600,611,611,671,615,603
9456,611,600,611,611,671,615,601
9464,611,600,611,609,671,614,601
9473,611,600,609,608,670,614,604
9482,609,600,611,608,668,614,603
9491,611,600,609,609,668,615,604
9500,611,600,611,609,668,614,601
9509,611,600,609,609,667,614,601
9517,611,600,609,609,664,615,604
9526,609,600,611,609,664,615,601
9535,609,600,611,609,664,615,601
9544,609,600,611,608,664,615,601
9553,609,600,609,608,664,615,601
9562,609,600,609,608,664,615,603
9571,611,600,609,609,664,615,604
9579,611,600,609,608,659,615,601
9588,611,600,609,608,655,614,601
9597,609,600,609,608,655,614,601
9606,611,600,609,608,659,615,601
9615,611,600,611,608,659,614,601
9624,609,600,608,608,655,615,601
9632,611,600,609,608,655,615,601
9641,609,600,609,609,655,615,601
9650,611,600,611,608,654,614,601
9659,609,600,608,608,652,614,601
9668,611,600,609,608,649,614,601
9677,609,600,608,608,647,611,601
9685,608,600,609,608,649,614,601
9694,609,600,608,608,652,614,604
9703,609,600,609,608,647,614,601
9712,609,600,608,608,647,614,601
9721,609,600,611,608,647,611,601
9730,609,600,608,608,647,611,601
9738,609,600,608,608,646,614,601
9747,608,600,608,608,646,611,601
9756,609,600,609,608,647,611,601
9765,609,600,608,608,647,614,601
9774,609,604,608,608,647,611,601
9783,609,609,609,608,647,614,601
9791,608,620,608,608,646,612,601
9800,609,622,608,608,639,614,600
9809,608,633,609,608,639,611,601
9818,608,647,608,608,639,611,601
9827,609,659,608,608,639,611,601
9836,608,671,608,608,639,611,601
9844,608,688,608,608,639,612,601
9853,609,688,608,608,639,611,601
9862,609,679,608,608,639,611,601
9871,608,675,608,608,639,611,601
9880,608,671,608,608,639,609,601
9889,608,671,608,608,638,611,601
9898,608,668,609,608,638,611,601
9906,608,664,608,608,636,611,601
9915,608,664,608,608,639,611,601
9924,608,664,608,608,639,611,601
9933,609,662,608,608,636,614,601
9942,608,659,608,608,638,611,601
9951,608,657,608,608,636,611,601
9959,608,657,608,608,636,611,601
9968,608,655,608,608,636,611,601
9977,608,659,608,608,636,611,601
9986,608,655,608,608,638,611,601
9995,608,655,608,608,636,611,601
10004,609,654,608,608,636,611,601
10012,608,655,608,608,633,611,601
10021,608,652,608,608,636,611,601
10030,608,652,608,608,632,611,600
10039,608,652,608,608,632,611,601
10048,608,649,608,608,632,611,601
10057,608,649,608,608,632,611,601
10065,608,647,608,608,632,611,600
10074,608,647,608,608,627,611,600
10083,608,647,608,608,627,611,601
10092,608,639,608,608,627,611,600
10101,608,646,608,608,632,611,601
10110,608,639,608,608,630,611,601
10118,608,639,608,608,632,611,600
10127,608,639,608,608,627,611,601
10136,608,639,608,608,627,611,601
10145,608,639,608,608,627,609,601
10154,608,639,608,608,627,611,600
10163,608,638,608,608,625,611,601
10171,608,639,608,608,627,609,600
10180,608,636,608,608,627,611,600
10189,608,636,608,608,625,609,600
10198,608,636,608,608,625,609,601
10207,608,632,608,608,625,609,600
10216,608,632,608,608,625,611,601
10224,608,632,608,608,624,609,601
10233,608,632,608,608,624,611,600
10242,608,632,608,608,624,611,601
10251,608,632,608,608,624,609,600
10260,608,630,608,608,625,609,601
10269,608,630,608,608,625,609,600
10278,608,632,608,608,625,609,600
10286,608,627,608,608,624,609,600
10295,608,627,608,608,624,608,600
10304,608,627,608,608,624,609,600
10313,608,627,608,608,624,609,601
10322,608,625,608,608,624,611,601
10331,608,627,608,608,624,609,600
10339,608,625,608,608,624,609,600
10348,608,625,608,608,622,609,600
10357,608,625,608,608,624,609,601
10366,608,627,608,608,624,609,600
10375,608,624,608,608,624,609,601
10384,608,624,608,608,624,608,600
10392,608,624,608,608,624,608,600
10401,608,624,608,606,624,609,601
10410,608,624,608,608,622,609,600
10419,608,624,608,608,620,608,600
10428,608,624,608,608,622,608,600
10437,608,624,608,608,620,608,600
10445,608,624,608,608,620,609,600
10454,608,624,608,608,620,609,600
10463,608,624,608,606,622,608,600
10472,608,624,608,606,622,608,600
10481,608,624,608,608,620,609,600
10490,608,624,608,608,620,608,600
10498,608,624,608,606,620,608,600
10507,608,624,608,608,620,608,600
10516,608,624,608,608,620,608,600
10525,608,624,608,608,620,608,600
10534,608,624,608,608,620,609,600
10543,608,624,608,606,620,608,600
10551,608,624,608,606,620,608,600
10560,608,622,606,606,615,609,600
10569,608,620,608,608,617,609,600
10578,608,622,608,606,620,608,600
10587,608,622,608,608,620,608,600
10596,608,622,608,608,620,608,600
10605,608,620,608,606,615,608,600
10613,608,620,608,606,615,608,600
10622,608,620,608,606,615,608,600
10631,608,622,608,606,617,608,600
10640,608,620,608,608,620,608,600
10649,608,620,608,606,619,608,600
10658,608,620,608,606,617,608,600
10666,608,620,608,606,617,608,600
10675,608,620,608,608,615,608,600
10684,608,622,608,606,615,608,600
10693,608,620,608,608,615,608,600
10702,608,620,608,608,617,608,600
10711,608,620,608,606,617,608,600
10719,608,617,608,606,617,608,600
10728,608,619,608,606,615,608,600
10737,608,617,608,608,615,608,600
10746,608,617,606,606,615,608,600
10755,608,617,608,606,615,608,600
10764,608,615,608,604,615,608,600
10772,608,619,608,606,615,608,600
10781,608,620,608,606,615,608,600
10790,608,620,606,606,615,608,600
10799,608,620,608,606,615,608,600
10808,608,620,608,606,615,608,600
10817,608,620,608,606,615,608,600
10825,608,617,606,606,615,608,600
10834,608,615,608,606,615,608,600
10843,608,617,608,606,614,608,600
10852,608,617,606,606,615,608,600
10861,608,617,608,606,615,608,600
10870,608,615,608,606,615,608,600
10878,608,617,608,606,615,608,600
10887,606,620,606,606,615,608,600
10896,608,617,606,606,615,608,600
10905,608,615,608,604,615,608,600
10914,608,615,606,606,615,608,600
10923,608,615,606,606,615,608,600
10931,608,615,608,606,615,608,600
10940,608,615,608,606,615,608,600
10949,608,615,606,604,615,608,600
10958,608,615,606,606,615,608,600
10967,608,615,606,606,615,608,600
10976,608,615,606,606,615,608,600
10985,608,617,608,606,615,608,600
10993,608,615,606,606,615,608,600
11002,608,615,606,604,615,608,600
11011,606,615,606,606,614,608,600
11020,606,615,606,606,615,608,600
11029,606,615,606,604,615,608,600
11038,606,615,608,606,615,608,600
11046,606,615,606,604,615,608,600
11055,608,615,606,606,615,608,600
11064,606,615,606,604,615,608,600
11073,608,615,606,604,615,608,600
11082,606,615,606,604,615,608,600
11091,606,615,606,604,615,608,600
11099,606,615,606,604,615,608,600
11108,606,615,604,604,615,608,600
11117,606,615,606,606,614,608,600
11126,608,615,606,604,614,608,600
11135,608,615,604,604,611,608,600
11144,606,615,606,604,614,608,600
11152,608,615,606,604,614,608,600
11161,606,615,606,604,614,608,600
11170,606,615,606,604,614,608,600
11179,604,615,606,604,614,608,600
11188,606,615,604,604,614,608,600
11197,606,614,604,604,614,606,600
11205,606,615,604,604,614,608,600
11214,606,615,606,604,611,608,600
11223,606,615,604,604,611,608,600
11232,608,614,606,604,611,608,600
11241,606,614,606,604,614,608,600
11250,606,614,604,604,611,608,600
11258,606,615,606,604,614,608,600
11267,606,614,604,604,614,608,600
11276,606,614,606,604,615,608,600
11285,606,614,604,604,614,608,600
11294,606,611,606,604,615,608,600
11303,606,614,606,604,614,608,600
11312,606,611,606,604,614,608,600
11320,606,614,606,604,614,608,600
11329,606,614,604,604,611,608,600
11338,606,615,604,604,611,608,600
11347,606,615,606,604,611,608,600
11356,606,611,604,604,611,606,600
11365,606,615,604,604,612,608,600
11373,606,615,604,604,611,608,600
11382,606,612,604,604,611,608,600
11391,606,614,604,604,611,608,608
11400,604,614,606,604,614,608,614
11409,606,614,604,604,614,608,624
11418,606,614,604,604,611,608,624
11426,606,611,604,604,612,606,636
11435,606,614,604,604,611,608,646
11444,606,612,604,604,611,608,655
11453,606,614,604,604,611,608,671
11462,606,614,604,604,611,606,688
11471,606,614,606,604,614,608,686
11479,606,614,604,604,611,608,679
11488,606,614,604,604,611,606,675
11497,606,614,604,604,611,606,670
11506,606,611,604,604,611,606,665
11515,606,614,604,604,609,606,665
11524,606,611,604,604,611,606,664
11532,606,611,604,604,609,606,664
11541,606,611,604,604,611,606,659
11550,606,611,604,604,611,606,657
11559,606,614,606,604,611,606,657
11568,606,611,604,604,609,606,657
11577,606,611,604,604,609,606,655
11585,604,611,604,604,609,608,655
11594,606,611,604,604,611,606,655
11603,604,611,604,604,611,608,655
11612,606,611,604,604,609,606,652
11621,604,611,604,604,609,606,655
11630,604,611,604,604,609,604,655
11638,604,611,604,604,609,606,655
11647,604,611,604,604,611,606,654
11656,604,611,604,604,609,606,654
11665,604,611,604,604,611,606,652
11674,604,611,604,604,611,606,652
11683,604,611,604,604,609,606,649
11692,604,611,604,604,609,606,649
11700,606,611,604,604,609,606,647
11709,604,611,604,604,608,606,647
11718,604,611,604,604,611,606,646
11727,604,611,604,604,609,606,639
11736,604,611,604,604,609,606,639
11745,604,611,604,604,611,606,639
11753,604,611,604,604,609,606,639
11762,604,611,604,604,609,606,639
11771,604,611,604,604,611,606,638
11780,604,611,604,604,609,606,639
11789,604,611,604,604,608,606,639
11798,604,611,604,604,609,606,639
11806,604,611,604,604,608,604,636
11815,604,609,604,604,609,604,636
11824,606,611,604,604,609,604,638
11833,604,611,604,604,609,604,638
11842,604,609,604,604,608,606,638
11851,604,611,604,604,609,606,636
11859,604,611,604,604,609,606,636
11868,604,611,604,604,608,606,633
11877,604,611,604,604,609,606,632
11886,604,609,604,604,609,606,632
11895,604,609,604,604,608,604,632
11904,604,609,604,604,608,604,632
11912,604,609,604,604,609,606,632
11921,604,609,604,604,608,604,632
11930,604,609,604,604,609,604,630
11939,604,609,604,604,609,606,632
11948,604,609,604,604,608,606,632
11957,604,611,604,604,608,606,630
11965,604,609,604,604,609,606,627
11974,604,609,604,604,609,604,627
11983,604,608,604,604,608,606,630
11992,604,609,604,604,609,606,632
12001,604,609,604,604,608,604,632
12010,604,609,604,604,608,604,630
12019,604,609,604,604,609,604,630
12027,604,609,604,604,608,604,632
12036,604,609,604,604,608,604,627
12045,604,609,604,604,608,604,627
12054,604,609,604,604,608,606,627
12063,604,609,604,604,608,604,624
12072,604,609,604,604,608,604,624
12080,604,609,604,601,608,604,623
12089,604,609,604,603,608,604,622
12098,604,609,604,604,608,604,622
12107,604,608,604,604,608,604,622
12116,604,609,604,601,608,604,624
12125,604,608,604,604,608,604,624
12133,604,608,604,601,608,604,625
12142,604,608,604,604,608,604,624
12151,604,608,604,601,608,604,624
12160,604,608,604,604,608,604,624
12169,604,608,604,604,608,604,624
12178,604,609,604,604,608,604,624
12186,604,609,604,604,608,604,624
12195,604,608,604,601,608,604,622
12204,604,609,604,604,608,604,623
12213,604,608,604,604,608,604,622
12222,604,608,604,601,608,604,620
12231,604,608,604,604,608,604,620
12239,604,608,604,603,608,604,620
12248,604,608,604,604,608,604,622
12257,604,608,604,604,608,604,620
12266,604,608,604,601,608,604,620
12275,604,608,604,601,608,604,620
12284,604,608,604,604,608,604,620
12292,604,608,604,601,608,604,620
12301,604,608,604,604,608,604,620
12310,604,608,604,603,608,604,620
12319,604,608,604,604,608,604,619
12328,604,608,604,601,608,604,620
12337,604,608,604,601,608,604,622
12345,604,608,604,601,608,604,620
12354,604,608,604,601,608,604,617
12363,604,608,604,601,608,604,620
12372,604,608,604,604,608,604,620
12381,604,608,604,603,608,604,620
12390,604,608,604,603,608,604,620
12399,604,608,604,601,608,604,620
12407,604,608,604,601,608,604,615
12416,604,608,604,603,608,604,617
12425,604,608,604,601,608,604,617
12434,604,608,604,603,608,604,615
12443,604,608,604,601,608,604,615
12452,604,608,604,601,608,604,615
12460,604,608,603,601,608,604,617
12469,604,608,604,601,608,604,617
12478,604,608,603,601,608,604,615
12487,604,608,604,601,608,604,617
12496,604,608,601,601,608,604,615
12505,604,608,604,601,608,604,615
12513,604,608,603,601,608,604,615
12522,604,608,604,601,608,604,615
12531,604,608,601,601,608,604,615
12540,604,608,604,601,608,604,615
12549,604,608,603,601,608,604,615
12558,604,608,604,601,608,604,615
12566,604,608,601,601,608,604,615
12575,604,608,604,601,608,604,615
12584,604,608,604,601,608,604,615
12593,604,608,601,601,608,604,615
12602,604,608,604,601,608,604,615
12611,604,608,604,601,608,604,615
12619,604,608,601,604,608,604,615
12628,604,608,603,601,608,604,615
12637,604,608,604,601,608,604,615
12646,604,608,603,601,608,604,615
12655,604,608,601,601,608,604,615
12664,604,608,603,601,608,604,615
12672,601,608,601,600,608,604,615
12681,604,608,604,601,608,604,615
12690,604,608,601,601,608,604,615
12699,604,608,601,601,608,604,615
12708,604,608,604,601,608,604,615
12717,604,608,604,601,608,604,615
12726,604,608,601,601,608,604,615
12734,604,608,601,601,608,604,615
12743,604,608,601,601,608,604,615
12752,604,608,601,601,608,604,615
12761,604,608,601,601,608,604,614
12770,604,608,603,601,608,604,614
12779,604,608,601,601,608,604,612
12787,604,608,601,601,608,604,614
12796,604,608,601,601,608,604,615
12805,604,608,601,601,606,604,615
12814,604,608,601,601,608,604,615
12823,604,608,601,601,606,604,615
12832,604,608,601,601,608,604,614
12840,604,608,601,601,606,604,614
12849,604,608,603,601,606,604,611
12858,601,608,601,601,606,604,614
12867,601,608,601,600,608,604,615
12876,603,608,601,601,608,604,614
12885,601,608,601,600,608,604,614
12893,604,608,601,600,606,604,614
12902,603,608,601,600,606,604,614
12911,601,608,601,601,606,604,611
12920,604,608,601,601,606,604,611
12929,603,608,601,600,606,604,611
12938,601,608,601,600,608,604,612
12946,601,608,601,600,608,604,614
12955,601,608,601,601,608,604,611
12964,601,608,601,600,606,604,611
12973,604,608,601,600,606,604,611
12982,601,608,601,600,606,604,611
12991,601,608,601,601,606,604,611
12999,604,608,601,601,606,604,611
13008,604,608,601,601,606,604,611
13017,603,608,601,601,606,604,611
13026,604,608,601,600,606,604,611
13035,604,608,601,600,606,604,611
13044,604,608,601,601,608,604,611
13052,603,608,600,600,606,604,611
13061,601,608,601,601,606,604,611
13070,604,608,601,600,604,604,611
13079,601,608,601,600,606,604,611
13088,601,608,601,601,608,604,611
13097,601,608,601,600,606,604,611
13106,601,608,601,600,606,604,611
13114,603,608,601,600,606,603,609
13123,601,608,601,600,606,604,611
13132,603,608,601,600,606,604,611
13141,601,608,601,601,606,604,611
13150,601,608,601,600,608,604,609
13159,601,608,601,601,606,604,611
13167,601,608,601,600,606,603,611
13176,601,606,600,600,606,604,611
13185,601,608,601,600,606,604,611
13194,601,608,601,600,606,604,611
13203,601,608,601,600,606,604,611
13212,603,608,600,600,606,604,611
13220,603,608,601,600,608,604,611
13229,601,608,601,600,606,604,609
13238,601,608,601,600,606,604,611
13247,601,608,601,600,604,603,611
13256,601,608,600,600,606,604,611
13265,601,608,601,600,606,604,611
13273,601,606,601,600,606,601,611
13282,601,608,600,600,606,604,609
13291,601,606,601,600,606,604,611
13300,601,608,600,600,604,604,609
13309,601,608,600,600,604,603,609
13318,601,606,600,600,606,603,611
13326,601,608,601,600,606,601,609
13335,601,608,601,600,604,601,611
13344,601,608,600,600,604,601,611
13353,601,606,600,600,604,604,609
13362,601,606,601,600,606,601,611
13371,601,604,600,600,604,601,609
13379,601,606,600,600,606,601,609
13388,601,608,600,600,604,603,611
13397,601,606,600,600,606,604,609
13406,601,606,601,600,606,601,609
13415,601,606,601,600,606,604,609
13424,601,606,601,600,604,601,609
13433,601,606,600,600,604,601,609
13441,601,606,600,600,606,601,611
13450,601,606,600,600,606,601,609
13459,601,606,600,600,604,601,608
13468,601,606,600,600,604,604,609
13477,601,606,600,600,604,603,609
13486,601,608,600,600,604,601,609
13494,601,608,600,600,604,604,609
13503,601,606,600,600,606,601,609
13512,601,606,600,600,604,601,609
13521,601,606,600,600,604,601,609
13530,601,606,600,600,604,601,609
13539,601,606,600,600,604,601,608
13547,601,606,600,600,604,601,609
13556,601,606,601,600,604,601,611
13565,601,604,600,600,604,601,608
13574,601,606,600,600,604,603,608
13583,601,606,600,600,604,601,609
13592,601,604,600,600,604,601,611
13600,601,606,600,600,604,601,611
13609,600,606,600,600,604,601,608
13618,601,604,600,600,604,601,608
13627,601,604,601,600,604,601,608
13636,601,606,601,600,604,603,608
13645,601,606,600,600,604,601,608
13653,601,606,600,600,604,601,608
13662,601,606,600,600,604,601,608
13671,600,606,600,600,604,601,609
13680,601,604,601,600,604,601,609
13689,600,606,600,600,604,601,609
13698,600,604,600,600,604,601,608
13706,601,604,600,600,604,601,608
13715,600,606,600,600,604,601,608
13724,601,606,600,600,604,601,609
13733,601,606,600,600,604,601,608
13742,601,604,601,600,604,601,608
13751,601,604,600,600,604,601,608
13759,601,604,600,600,604,601,608
13768,601,604,600,600,604,601,608
13777,600,604,600,600,604,601,609
13786,600,606,600,600,604,601,608
13795,600,606,600,600,604,601,608
13804,600,604,600,600,604,601,608
13813,600,604,600,600,604,601,608
13821,600,604,600,600,604,601,608
13830,601,604,600,600,604,601,608
13839,600,606,600,600,604,601,608
13848,601,604,600,600,604,600,608
13857,600,604,600,600,604,601,608
13866,600,604,600,600,604,601,608
13874,600,604,600,600,604,601,608
13883,600,604,600,600,604,601,608
13892,601,604,600,600,604,601,608
13901,600,604,600,600,604,601,608
13910,601,604,600,600,604,600,608
13919,600,604,600,600,604,601,608
13927,600,604,600,600,604,601,608
13936,600,604,600,600,604,601,608
13945,601,604,600,600,604,601,608
13954,600,604,600,611,604,601,608
13963,600,604,600,624,604,601,608
13972,600,604,600,627,604,601,608
13980,600,604,600,639,604,601,608
13989,601,604,600,647,604,601,608
13998,600,604,600,664,604,601,608
14007,600,604,600,679,604,601,608
14016,600,604,600,696,604,601,608
14025,600,604,600,686,604,600,608
14033,600,604,600,679,604,601,608
14042,600,604,600,671,604,601,608
14051,600,604,600,671,604,601,608
14060,600,604,600,668,604,601,608
14069,600,604,600,664,604,600,608
14078,600,604,600,662,604,601,608
14086,600,604,600,664,604,601,608
14095,600,604,600,664,604,601,608
14104,600,604,600,662,604,601,608
14113,600,604,600,657,604,600,608
14122,600,604,600,657,604,600,608
