Time(microseconds),DLS Value,Temperature(C)
0,880,25.0
15,882,25.0
30,878,25.0
45,883,25.0
60,883,25.0
75,882,25.0
90,877,25.0
105,874,25.0
120,872,25.0
135,870,25.0
150,873,25.0
165,879,25.0
180,879,25.0
195,878,25.0
211,871,25.0
226,877,25.0
241,871,25.0
256,870,25.0
271,870,25.0
286,871,25.0
301,867,25.0
316,862,25.0
331,857,25.0
346,860,25.0
361,854,25.0
376,853,25.0
391,856,25.0
407,856,25.0
422,848,25.0
437,841,25.0
452,847,25.0
467,841,25.0
482,846,25.0
497,841,25.0
512,839,25.0
527,839,25.0
542,843,25.0
557,840,25.0
572,834,25.0
587,835,25.0
603,831,25.0
618,824,25.0
633,829,25.0
648,827,25.0
663,817,25.0
678,824,25.0
693,824,25.0
708,815,25.0
723,816,25.0
738,816,25.0
753,807,25.0
768,811,25.0
783,806,25.0
798,799,25.0
814,807,25.0
829,803,25.0
844,803,25.0
859,798,25.0
874,799,25.0
889,798,25.0
904,796,25.0
919,792,25.0
934,792,25.0
949,792,25.0
964,785,25.0
979,783,25.0
994,782,25.0
1010,780,25.0
1025,774,25.0
1040,771,25.0
1055,775,25.0
1070,782,25.0
1085,784,25.0
1100,780,25.0
1115,783,25.0
1130,775,25.0
1145,769,25.0
1160,771,25.0
1175,771,25.0
1190,768,25.0
1206,760,25.0
1221,763,25.0
1236,760,25.0
1251,750,25.0
1266,753,25.0
1281,751,25.0
1296,746,25.0
1311,748,25.0
1326,742,25.0
1341,743,25.0
1356,745,25.0
1371,736,25.0
1386,737,25.0
1401,735,25.0
1417,734,25.0
1432,734,25.0
1447,728,25.0
1462,724,25.0
1477,728,25.0
1492,721,25.0
1507,715,25.0
1522,719,25.0
1537,711,25.0
1552,710,25.0
1567,705,25.0
1582,710,25.0
1597,706,25.0
1613,705,25.0
1628,704,25.0
1643,704,25.0
1658,692,25.0
1673,696,25.0
1688,691,25.0
1703,691,25.0
1718,690,25.0
1733,682,25.0
1748,679,25.0
1763,681,25.0
1778,675,25.0
1793,676,25.0
1809,668,25.0
1824,662,25.0
1839,657,25.0
1854,655,25.0
1869,656,25.0
1884,653,25.0
1899,654,25.0
1914,639,25.0
1929,639,25.0
1944,636,25.0
1959,633,25.0
1974,628,25.0
1989,631,25.0
2004,627,25.0
2020,627,25.0
2035,615,25.0
2050,619,25.0
2065,612,25.0
2080,611,25.0
2095,600,25.0
2110,600,25.0
2125,591,25.0
2140,585,25.0
2155,580,25.0
2170,581,25.0
2185,572,25.0
2200,568,25.0
2216,561,25.0
2231,566,25.0
2246,559,25.0
2261,556,25.0
2276,556,25.0
2291,551,25.0
2306,542,25.0
2321,543,25.0
2336,536,25.0
2351,533,25.0
2366,534,25.0
2381,521,25.0
2396,515,25.0
2412,517,25.0
2427,508,25.0
2442,507,25.0
2457,508,25.0
2472,504,25.0
2487,505,25.0
2502,496,25.0
2517,492,25.0
2532,494,25.0
2547,490,25.0
2562,483,25.0
2577,483,25.0
2592,479,25.0
2607,470,25.0
2623,476,25.0
2638,471,25.0
2653,459,25.0
2668,460,25.0
2683,455,25.0
2698,455,25.0
2713,451,25.0
2728,450,25.0
2743,444,25.0
2758,443,25.0
2773,440,25.0
2788,434,25.0
2803,439,25.0
2819,434,25.0
2834,428,25.0
2849,427,25.0
2864,428,25.0
2879,427,25.0
2894,422,25.0
2909,428,25.0
2924,428,25.0
2939,420,25.0
2954,423,25.0
2969,419,25.0
2984,412,25.0
2999,410,25.0
3015,408,25.0
3030,409,25.0
3045,408,25.0
3060,401,25.0
3075,399,25.0
3090,394,25.0
3105,393,25.0
3120,388,25.0
3135,385,25.0
3150,384,25.0
3165,384,25.0
3180,385,25.0
3195,380,25.0
3210,384,25.0
3226,372,25.0
3241,371,25.0
3256,371,25.0
3271,368,25.0
3286,366,25.0
3301,363,25.0
3316,363,25.0
3331,355,25.0
3346,350,25.0
3361,353,25.0
3376,352,25.0
3391,340,25.0
3406,344,25.0
3422,342,25.0
3437,334,25.0
3452,337,25.0
3467,334,25.0
3482,329,25.0
3497,329,25.0
3512,327,25.0
3527,323,25.0
3542,321,25.0
3557,321,25.0
3572,319,25.0
3587,313,25.0
3602,311,25.0
3618,308,25.0
3633,297,25.0
3648,304,25.0
3663,304,25.0
3678,294,25.0
3693,298,25.0
3708,294,25.0
3723,290,25.0
3738,285,25.0
3753,281,25.0
3768,280,25.0
3783,280,25.0
3798,284,25.0
3813,281,25.0
3829,282,25.0
3844,289,25.0
3859,279,25.0
3874,272,25.0
3889,266,25.0
3904,268,25.0
3919,262,25.0
3934,263,25.0
3949,255,25.0
3964,255,25.0
3979,249,25.0
3994,242,25.0
4009,243,25.0
4025,243,25.0
4040,231,25.0
4055,234,25.0
4070,227,25.0
4085,228,25.0
4100,230,25.0
4115,225,25.0
4130,224,25.0
4145,224,25.0
4160,216,25.0
4175,212,25.0
4190,204,25.0
4205,212,25.0
4221,207,25.0
4236,208,25.0
4251,207,25.0
4266,211,25.0
4281,206,25.0
4296,207,25.0
4311,204,25.0
4326,199,25.0
4341,199,25.0
4356,203,25.0
4371,196,25.0
4386,195,25.0
4401,188,25.0
4416,193,25.0
4432,189,25.0
4447,190,25.0
4462,193,25.0
4477,185,25.0
4492,184,25.0
4507,188,25.0
4522,182,25.0
4537,184,25.0
4552,182,25.0
4567,176,25.0
4582,177,25.0
4597,177,25.0
4612,167,25.0
4628,174,25.0
4643,173,25.0
4658,176,25.0
4673,171,25.0
4688,163,25.0
4703,164,25.0
4718,167,25.0
4733,164,25.0
4748,169,25.0
4763,169,25.0
4778,167,25.0
4793,159,25.0
4808,158,25.0
4824,156,25.0
4839,143,25.0
4854,145,25.0
4869,147,25.0
4884,144,25.0
4899,140,25.0
4914,135,25.0
4929,132,25.0
4944,131,25.0
4959,131,25.0
4974,128,25.0
4989,127,25.0
5004,120,25.0
5019,121,25.0
5035,115,25.0
5050,112,25.0
5065,105,25.0
5080,108,25.0
5095,102,25.0
5110,99,25.0
5125,99,25.0
5140,95,25.0
5155,93,25.0
5170,95,25.0
5185,92,25.0
5200,92,25.0
5215,86,25.0
5231,91,25.0
5246,81,25.0
5261,79,25.0
5276,78,25.0
5291,81,25.0
5306,73,25.0
5321,70,25.0
5336,75,25.0
5351,73,25.0
5366,71,25.0
5381,71,25.0
5396,73,25.0
5411,66,25.0
5427,61,25.0
5442,52,25.0
5457,48,25.0
5472,36,25.0
5487,39,25.0
5502,26,25.0
5517,27,25.0
5532,25,25.0
5547,21,25.0
5562,14,25.0
5577,7,25.0
5592,12,25.0
5607,3,25.0
5622,0,25.0
5638,0,25.0
5653,0,25.0
5668,2,25.0
5683,0,25.0
5698,0,25.0
5713,0,25.0
5728,0,25.0
5743,0,25.0
5758,0,25.0
5773,0,25.0
5788,0,25.0
5803,0,25.0
5818,0,25.0
5834,0,25.0
5849,0,25.0
5864,0,25.0
5879,0,25.0
5894,0,25.0
5909,0,25.0
5924,0,25.0
5939,0,25.0
5954,0,25.0
5969,0,25.0
5984,0,25.0
5999,0,25.0
6014,0,25.0
6030,0,25.0
6045,0,25.0
6060,0,25.0
6075,0,25.0
6090,0,25.0
6105,0,25.0
6120,0,25.0
6135,0,25.0
6150,0,25.0
6165,0,25.0
6180,0,25.0
6195,0,25.0
6210,0,25.0
6225,0,25.0
6241,0,25.0
6256,0,25.0
6271,0,25.0
6286,0,25.0
6301,0,25.0
6316,0,25.0
6331,0,25.0
6346,0,25.0
6361,0,25.0
6376,0,25.0
6391,0,25.0
6406,0,25.0
6421,0,25.0
6437,0,25.0
6452,0,25.0
6467,0,25.0
6482,0,25.0
6497,0,25.0
6512,0,25.0
6527,0,25.0
6542,0,25.0
6557,0,25.0
6572,0,25.0
6587,0,25.0
6602,0,25.0
6617,0,25.0
6633,0,25.0
6648,0,25.0
6663,0,25.0
6678,0,25.0
6693,0,25.0
6708,0,25.0
6723,0,25.0
6738,0,25.0
6753,0,25.0
6768,0,25.0
6783,0,25.0
6798,0,25.0
6813,0,25.0
6828,0,25.0
6844,0,25.0
6859,0,25.0
6874,0,25.0
6889,0,25.0
6904,0,25.0
6919,0,25.0
6934,0,25.0
6949,0,25.0
6964,0,25.0
6979,0,25.0
6994,0,25.0
7009,0,25.0
7024,0,25.0
7040,0,25.0
7055,0,25.0
7070,0,25.0
7085,0,25.0
7100,0,25.0
7115,0,25.0
7130,0,25.0
7145,0,25.0
7160,0,25.0
7175,0,25.0
7190,0,25.0
7205,0,25.0
7220,0,25.0
7236,0,25.0
7251,0,25.0
7266,0,25.0
7281,0,25.0
7296,0,25.0
7311,0,25.0
7326,0,25.0
7341,0,25.0
7356,0,25.0
7371,0,25.0
7386,0,25.0
7401,0,25.0
7416,0,25.0
7431,0,25.0
7447,0,25.0
7462,0,25.0
7477,4,25.0
7492,17,25.0
7507,14,25.0
7522,24,25.0
7537,26,25.0
7552,23,25.0
7567,28,25.0
7582,25,25.0
7597,25,25.0
7612,31,25.0
7627,28,25.0
7643,24,25.0
7658,32,25.0
7673,31,25.0
7688,35,25.0
7703,39,25.0
7718,38,25.0
7733,41,25.0
7748,39,25.0
7763,44,25.0
7778,48,25.0
7793,49,25.0
7808,49,25.0
7823,47,25.0
7839,55,25.0
7854,56,25.0
7869,60,25.0
7884,58,25.0
7899,57,25.0
7914,67,25.0
7929,65,25.0
7944,66,25.0
7959,68,25.0
7974,73,25.0
7989,72,25.0
8004,78,25.0
8019,73,25.0
8034,83,25.0
8050,76,25.0
8065,83,25.0
8080,83,25.0
8095,84,25.0
8110,89,25.0
8125,87,25.0
8140,95,25.0
8155,94,25.0
8170,88,25.0
8185,99,25.0
8200,103,25.0
8215,100,25.0
8230,99,25.0
8246,97,25.0
8261,103,25.0
8276,110,25.0
8291,110,25.0
8306,112,25.0
8321,110,25.0
8336,110,25.0
8351,110,25.0
8366,115,25.0
8381,122,25.0
8396,124,25.0
8411,125,25.0
8426,131,25.0
8442,133,25.0
8457,137,25.0
8472,137,25.0
8487,139,25.0
8502,140,25.0
8517,141,25.0
8532,140,25.0
8547,140,25.0
8562,135,25.0
8577,144,25.0
8592,141,25.0
8607,145,25.0
8622,151,25.0
8637,145,25.0
8653,150,25.0
8668,151,25.0
8683,156,25.0
8698,158,25.0
8713,154,25.0
8728,156,25.0
8743,159,25.0
8758,162,25.0
8773,156,25.0
8788,163,25.0
8803,163,25.0
8818,162,25.0
8833,166,25.0
8849,169,25.0
8864,167,25.0
8879,171,25.0
8894,175,25.0
8909,167,25.0
8924,176,25.0
8939,176,25.0
8954,176,25.0
8969,177,25.0
8984,181,25.0
8999,182,25.0
9014,177,25.0
9029,187,25.0
9045,189,25.0
9060,184,25.0
9075,189,25.0
9090,191,25.0
9105,188,25.0
9120,198,25.0
9135,195,25.0
9150,195,25.0
9165,201,25.0
9180,204,25.0
9195,201,25.0
9210,206,25.0
9225,210,25.0
9240,206,25.0
9256,211,25.0
9271,216,25.0
9286,212,25.0
9301,219,25.0
9316,225,25.0
9331,231,25.0
9346,237,25.0
9361,241,25.0
9376,243,25.0
9391,247,25.0
9406,241,25.0
9421,248,25.0
9436,247,25.0
9452,249,25.0
9467,251,25.0
9482,255,25.0
9497,253,25.0
9512,251,25.0
9527,253,25.0
9542,254,25.0
9557,252,25.0
9572,254,25.0
9587,255,25.0
9602,253,25.0
9617,263,25.0
9632,263,25.0
9648,266,25.0
9663,271,25.0
9678,265,25.0
9693,273,25.0
9708,270,25.0
9723,271,25.0
9738,275,25.0
9753,280,25.0
9768,279,25.0
9783,278,25.0
9798,279,25.0
9813,280,25.0
9828,276,25.0
9843,286,25.0
9859,287,25.0
9874,288,25.0
9889,287,25.0
9904,294,25.0
9919,300,25.0
9934,297,25.0
9949,295,25.0
9964,304,25.0
9979,304,25.0
9994,306,25.0
10009,313,25.0
10024,312,25.0
10039,314,25.0
10055,319,25.0
10070,325,25.0
10085,324,25.0
10100,318,25.0
10115,327,25.0
10130,324,25.0
10145,332,25.0
10160,337,25.0
10175,336,25.0
10190,337,25.0
10205,344,25.0
10220,348,25.0
10235,359,25.0
10251,361,25.0
10266,369,25.0
10281,376,25.0
10296,384,25.0
10311,384,25.0
10326,377,25.0
10341,391,25.0
10356,393,25.0
10371,393,25.0
10386,398,25.0
10401,403,25.0
10416,403,25.0
10431,415,25.0
10446,415,25.0
10462,422,25.0
10477,425,25.0
10492,427,25.0
10507,428,25.0
10522,432,25.0
10537,436,25.0
10552,440,25.0
10567,452,25.0
10582,452,25.0
10597,451,25.0
10612,457,25.0
10627,463,25.0
10642,465,25.0
10658,468,25.0
10673,473,25.0
10688,468,25.0
10703,480,25.0
10718,486,25.0
10733,486,25.0
10748,492,25.0
10763,494,25.0
10778,499,25.0
10793,503,25.0
10808,499,25.0
10823,510,25.0
10838,510,25.0
10854,515,25.0
10869,515,25.0
10884,523,25.0
10899,519,25.0
10914,527,25.0
10929,528,25.0
10944,529,25.0
10959,534,25.0
10974,542,25.0
10989,543,25.0
11004,539,25.0
11019,547,25.0
11034,551,25.0
11049,550,25.0
11065,558,25.0
11080,562,25.0
11095,563,25.0
11110,563,25.0
11125,568,25.0
11140,573,25.0
11155,583,25.0
11170,579,25.0
11185,579,25.0
11200,593,25.0
11215,593,25.0
11230,588,25.0
11245,593,25.0
11261,590,25.0
11276,598,25.0
11291,604,25.0
11306,603,25.0
11321,606,25.0
11336,608,25.0
11351,604,25.0
11366,608,25.0
11381,611,25.0
11396,618,25.0
11411,618,25.0
11426,620,25.0
11441,620,25.0
11457,629,25.0
11472,624,25.0
11487,624,25.0
11502,629,25.0
11517,633,25.0
11532,631,25.0
11547,633,25.0
11562,636,25.0
11577,633,25.0
11592,646,25.0
11607,644,25.0
11622,643,25.0
11637,647,25.0
11652,650,25.0
11668,651,25.0
11683,659,25.0
11698,655,25.0
11713,662,25.0
11728,667,25.0
11743,659,25.0
11758,671,25.0
11773,668,25.0
11788,670,25.0
11803,674,25.0
11818,679,25.0
11833,680,25.0
11848,674,25.0
11864,679,25.0
11879,686,25.0
11894,681,25.0
11909,691,25.0
11924,694,25.0
11939,691,25.0
11954,696,25.0
11969,696,25.0
11984,700,25.0
11999,705,25.0
12014,704,25.0
12029,708,25.0
12044,710,25.0
12060,703,25.0
12075,694,25.0
12090,702,25.0
12105,691,25.0
12120,694,25.0
12135,684,25.0
12150,687,25.0
12165,682,25.0
12180,684,25.0
12195,683,25.0
12210,681,25.0
12225,678,25.0
12240,676,25.0
12255,670,25.0
12270,671,25.0
12285,663,25.0
12301,655,25.0
12316,651,25.0
12331,648,25.0
12346,647,25.0
12361,649,25.0
12376,652,25.0
12391,643,25.0
12406,639,25.0
12421,639,25.0
12436,631,25.0
12451,627,25.0
12466,622,25.0
12481,615,25.0
12496,614,25.0
12511,611,25.0
12527,611,25.0
12542,609,25.0
12557,601,25.0
12572,599,25.0
12587,583,25.0
12602,588,25.0
12617,575,25.0
12632,575,25.0
12647,568,25.0
12662,568,25.0
12677,566,25.0
12692,563,25.0
12707,558,25.0
12722,556,25.0
12737,547,25.0
12752,546,25.0
12768,538,25.0
12783,536,25.0
12798,537,25.0
12813,527,25.0
12828,519,25.0
12843,518,25.0
12858,515,25.0
12873,515,25.0
12888,508,25.0
12903,505,25.0
12918,499,25.0
12933,494,25.0
12948,494,25.0
12963,481,25.0
12978,483,25.0
12994,472,25.0
13009,475,25.0
13024,471,25.0
13039,465,25.0
13054,472,25.0
13069,471,25.0
13084,472,25.0
13099,463,25.0
13114,463,25.0
13129,456,25.0
13144,455,25.0
13159,447,25.0
13174,445,25.0
13189,443,25.0
13204,439,25.0
13220,441,25.0
13235,433,25.0
13250,433,25.0
13265,434,25.0
13280,428,25.0
13295,436,25.0
13310,433,25.0
13325,433,25.0
13340,415,25.0
13355,420,25.0
13370,422,25.0
13385,419,25.0
13400,403,25.0
13415,410,25.0
13430,407,25.0
13445,406,25.0
13461,399,25.0
13476,404,25.0
13491,391,25.0
13506,396,25.0
13521,380,25.0
13536,391,25.0
13551,386,25.0
13566,384,25.0
13581,380,25.0
13596,384,25.0
13611,385,25.0
13626,378,25.0
13641,371,25.0
13656,372,25.0
13671,369,25.0
13687,367,25.0
13702,364,25.0
13717,365,25.0
13732,366,25.0
13747,359,25.0
13762,358,25.0
13777,362,25.0
13792,355,25.0
13807,353,25.0
13822,352,25.0
13837,348,25.0
13852,344,25.0
13867,344,25.0
13882,337,25.0
13897,337,25.0
13912,335,25.0
13928,330,25.0
13943,327,25.0
13958,331,25.0
13973,321,25.0
13988,320,25.0
14003,315,25.0
14018,318,25.0
14033,310,25.0
14048,310,25.0
14063,310,25.0
14078,309,25.0
14093,302,25.0
14108,303,25.0
14123,294,25.0
14138,295,25.0
14154,287,25.0
14169,291,25.0
14184,287,25.0
14199,294,25.0
14214,290,25.0
14229,289,25.0
14244,289,25.0
14259,275,25.0
14274,279,25.0
14289,268,25.0
14304,274,25.0
14319,259,25.0
14334,264,25.0
14349,252,25.0
14364,262,25.0
14380,252,25.0
14395,255,25.0
14410,248,25.0
14425,254,25.0
14440,246,25.0
14455,246,25.0
14470,243,25.0
14485,240,25.0
14500,236,25.0
14515,235,25.0
14530,236,25.0
14545,225,25.0
14560,227,25.0
14575,222,25.0
14590,220,25.0
14605,222,25.0
14621,216,25.0
14636,217,25.0
14651,205,25.0
14666,204,25.0
14681,204,25.0
14696,204,25.0
14711,202,25.0
14726,199,25.0
14741,196,25.0
14756,199,25.0
14771,196,25.0
14786,199,25.0
14801,199,25.0
14816,196,25.0
14831,197,25.0
14847,193,25.0
14862,192,25.0
14877,183,25.0
14892,185,25.0
14907,188,25.0
14922,187,25.0
14937,183,25.0
14952,184,25.0
14967,180,25.0
14982,174,25.0
14997,172,25.0
15012,174,25.0
15027,171,25.0
15042,174,25.0
15057,169,25.0
15073,167,25.0
15088,169,25.0
15103,177,25.0
15118,179,25.0
15133,172,25.0
15148,168,25.0
15163,161,25.0
15178,163,25.0
15193,167,25.0
15208,162,25.0
15223,161,25.0
15238,156,25.0
15253,146,25.0
15268,149,25.0
15283,144,25.0
15298,137,25.0
15314,136,25.0
15329,137,25.0
15344,135,25.0
15359,124,25.0
15374,120,25.0
15389,125,25.0
15404,115,25.0
15419,112,25.0
15434,113,25.0
15449,120,25.0
15464,114,25.0
15479,112,25.0
15494,107,25.0
15509,103,25.0
15524,101,25.0
15540,102,25.0
15555,100,25.0
15570,103,25.0
15585,98,25.0
15600,99,25.0
15615,95,25.0
15630,92,25.0
15645,84,25.0
15660,80,25.0
15675,79,25.0
15690,77,25.0
15705,78,25.0
15720,81,25.0
15735,76,25.0
15750,74,25.0
15765,70,25.0
15781,71,25.0
15796,65,25.0
15811,71,25.0
15826,63,25.0
15841,65,25.0
15856,62,25.0
15871,60,25.0
15886,59,25.0
15901,56,25.0
15916,49,25.0
15931,39,25.0
15946,31,25.0
15961,24,25.0
15976,17,25.0
15991,22,25.0
16007,28,25.0
16022,25,25.0
16037,20,25.0
16052,15,25.0
16067,7,25.0
16082,1,25.0
16097,0,25.0
16112,0,25.0
16127,0,25.0
16142,0,25.0
16157,0,25.0
16172,0,25.0
16187,0,25.0
16202,0,25.0
16217,0,25.0
16233,0,25.0
16248,0,25.0
16263,0,25.0
16278,0,25.0
16293,0,25.0
16308,0,25.0
16323,0,25.0
16338,0,25.0
16353,0,25.0
16368,0,25.0
16383,0,25.0
16398,0,25.0
16413,0,25.0
16428,0,25.0
16443,0,25.0
16458,0,25.0
16474,0,25.0
16489,0,25.0
16504,0,25.0
16519,0,25.0
16534,0,25.0
16549,0,25.0
16564,0,25.0
16579,0,25.0
16594,0,25.0
16609,0,25.0
16624,0,25.0
16639,0,25.0
16654,0,25.0
16669,0,25.0
16684,0,25.0
16700,0,25.0
16715,0,25.0
16730,0,25.0
16745,0,25.0
16760,0,25.0
16775,0,25.0
16790,0,25.0
16805,0,25.0
16820,0,25.0
16835,0,25.0
16850,0,25.0
16865,0,25.0
16880,0,25.0
16895,0,25.0
16910,0,25.0
16925,0,25.0
16941,0,25.0
16956,0,25.0
16971,0,25.0
16986,0,25.0
17001,0,25.0
17016,0,25.0
17031,0,25.0
17046,0,25.0
17061,0,25.0
17076,0,25.0
17091,0,25.0
17106,0,25.0
17121,0,25.0
17136,0,25.0
17151,0,25.0
17167,0,25.0
17182,0,25.0
17197,0,25.0
17212,0,25.0
17227,0,25.0
17242,0,25.0
17257,0,25.0
17272,0,25.0
17287,0,25.0
17302,0,25.0
17317,0,25.0
17332,0,25.0
17347,0,25.0
17362,0,25.0
17377,0,25.0
17393,0,25.0
17408,0,25.0
17423,0,25.0
17438,0,25.0
17453,0,25.0
17468,0,25.0
17483,0,25.0
17498,0,25.0
17513,0,25.0
17528,0,25.0
17543,0,25.0
17558,0,25.0
17573,0,25.0
17588,0,25.0
17603,0,25.0
17618,0,25.0
17634,0,25.0
17649,0,25.0
17664,0,25.0
17679,0,25.0
17694,0,25.0
17709,0,25.0
17724,0,25.0
17739,0,25.0
17754,0,25.0
17769,0,25.0
17784,0,25.0
17799,0,25.0
17814,0,25.0
17829,0,25.0
17844,0,25.0
17860,0,25.0
17875,0,25.0
17890,0,25.0
17905,0,25.0
17920,0,25.0
17935,1,25.0
17950,12,25.0
17965,13,25.0
17980,17,25.0
17995,12,25.0
18010,20,25.0
18025,14,25.0
18040,23,25.0
18055,24,25.0
18070,18,25.0
18086,28,25.0
18101,22,25.0
18116,31,25.0
18131,31,25.0
18146,38,25.0
18161,35,25.0
18176,39,25.0
18191,35,25.0
18206,38,25.0
18221,41,25.0
18236,42,25.0
18251,43,25.0
18266,46,25.0
18281,52,25.0
18296,54,25.0
18311,54,25.0
18327,60,25.0
18342,59,25.0
18357,58,25.0
18372,57,25.0
18387,66,25.0
18402,67,25.0
18417,63,25.0
18432,71,25.0
18447,71,25.0
18462,67,25.0
18477,71,25.0
18492,77,25.0
18507,76,25.0
18522,75,25.0
18537,79,25.0
18553,92,25.0
18568,88,25.0
18583,88,25.0
18598,89,25.0
18613,94,25.0
18628,86,25.0
18643,94,25.0
18658,88,25.0
18673,100,25.0
18688,103,25.0
18703,102,25.0
18718,103,25.0
18733,112,25.0
18748,105,25.0
18763,115,25.0
18778,118,25.0
18794,120,25.0
18809,120,25.0
18824,118,25.0
18839,121,25.0
18854,127,25.0
18869,126,25.0
18884,121,25.0
18899,129,25.0
18914,134,25.0
18929,124,25.0
18944,133,25.0
18959,132,25.0
18974,137,25.0
18989,132,25.0
19004,139,25.0
19020,141,25.0
19035,143,25.0
19050,132,25.0
19065,143,25.0
19080,142,25.0
19095,140,25.0
19110,145,25.0
19125,144,25.0
19140,147,25.0
19155,152,25.0
19170,153,25.0
19185,151,25.0
19200,151,25.0
19215,152,25.0
19230,151,25.0
19246,157,25.0
19261,160,25.0
19276,163,25.0
19291,167,25.0
19306,172,25.0
19321,161,25.0
19336,167,25.0
19351,172,25.0
19366,161,25.0
19381,168,25.0
19396,174,25.0
19411,179,25.0
19426,177,25.0
19441,178,25.0
19456,180,25.0
19471,178,25.0
19487,186,25.0
19502,180,25.0
19517,188,25.0
19532,188,25.0
19547,192,25.0
19562,190,25.0
19577,199,25.0
19592,196,25.0
19607,193,25.0
19622,195,25.0
19637,198,25.0
19652,199,25.0
19667,201,25.0
19682,209,25.0
19697,220,25.0
19713,226,25.0
19728,224,25.0
19743,230,25.0
19758,230,25.0
19773,229,25.0
19788,229,25.0
19803,230,25.0
19818,225,25.0
19833,229,25.0
19848,227,25.0
19863,234,25.0
19878,237,25.0
19893,239,25.0
19908,228,25.0
19923,236,25.0
19938,243,25.0
19954,240,25.0
19969,243,25.0
19984,243,25.0
19999,246,25.0
20014,246,25.0
20029,253,25.0
20044,255,25.0
20059,257,25.0
20074,259,25.0
20089,259,25.0
20104,265,25.0
20119,263,25.0
20134,271,25.0
20149,270,25.0
20164,273,25.0
20180,275,25.0
20195,276,25.0
20210,277,25.0
20225,281,25.0
20240,275,25.0
20255,286,25.0
20270,281,25.0
20285,286,25.0
20300,284,25.0
20315,284,25.0
20330,287,25.0
20345,287,25.0
20360,291,25.0
20375,293,25.0
20390,292,25.0
20406,289,25.0
20421,293,25.0
20436,292,25.0
20451,299,25.0
20466,298,25.0
20481,304,25.0
20496,311,25.0
20511,316,25.0
20526,310,25.0
20541,319,25.0
20556,313,25.0
20571,319,25.0
20586,324,25.0
20601,333,25.0
20616,344,25.0
20631,351,25.0
20647,355,25.0
20662,359,25.0
20677,355,25.0
20692,363,25.0
20707,363,25.0
20722,368,25.0
20737,367,25.0
20752,376,25.0
20767,377,25.0
20782,376,25.0
20797,385,25.0
20812,390,25.0
20827,393,25.0
20842,397,25.0
20857,400,25.0
20873,395,25.0
20888,403,25.0
20903,411,25.0
20918,412,25.0
20933,423,25.0
20948,423,25.0
20963,432,25.0
20978,432,25.0
20993,435,25.0
21008,440,25.0
21023,440,25.0
21038,440,25.0
21053,451,25.0
21068,455,25.0
21083,455,25.0
21099,459,25.0
21114,466,25.0
21129,472,25.0
21144,475,25.0
21159,479,25.0
21174,483,25.0
21189,487,25.0
21204,487,25.0
21219,494,25.0
21234,493,25.0
21249,497,25.0
21264,504,25.0
21279,507,25.0
21294,515,25.0
21309,516,25.0
21324,517,25.0
21340,524,25.0
21355,524,25.0
21370,524,25.0
21385,524,25.0
21400,527,25.0
21415,528,25.0
21430,534,25.0
21445,540,25.0
21460,540,25.0
21475,547,25.0
21490,553,25.0
21505,547,25.0
21520,558,25.0
21535,563,25.0
21550,570,25.0
21566,561,25.0
21581,579,25.0
21596,568,25.0
21611,575,25.0
21626,575,25.0
21641,583,25.0
21656,580,25.0
21671,583,25.0
21686,583,25.0
21701,589,25.0
21716,580,25.0
21731,584,25.0
21746,589,25.0
21761,591,25.0
21776,599,25.0
21791,600,25.0
21807,608,25.0
21822,610,25.0
21837,608,25.0
21852,601,25.0
21867,609,25.0
21882,622,25.0
21897,615,25.0
21912,625,25.0
21927,618,25.0
21942,632,25.0
21957,626,25.0
21972,627,25.0
21987,634,25.0
22002,636,25.0
22017,636,25.0
22033,636,25.0
22048,643,25.0
22063,639,25.0
22078,641,25.0
22093,646,25.0
22108,649,25.0
22123,652,25.0
22138,654,25.0
22153,652,25.0
22168,661,25.0
22183,660,25.0
22198,663,25.0
22213,664,25.0
22228,670,25.0
22243,671,25.0
22259,678,25.0
22274,676,25.0
22289,679,25.0
22304,671,25.0
22319,683,25.0
22334,674,25.0
22349,687,25.0
22364,679,25.0
22379,689,25.0
22394,690,25.0
22409,688,25.0
22424,692,25.0
22439,702,25.0
22454,705,25.0
22469,716,25.0
22484,717,25.0
22500,727,25.0
22515,724,25.0
22530,729,25.0
22545,722,25.0
22560,728,25.0
22575,731,25.0
22590,728,25.0
22605,737,25.0
22620,737,25.0
22635,739,25.0
22650,739,25.0
22665,743,25.0
22680,746,25.0
22695,749,25.0
22710,752,25.0
22726,756,25.0
22741,758,25.0
22756,763,25.0
22771,764,25.0
22786,771,25.0
22801,771,25.0
22816,774,25.0
22831,771,25.0
22846,771,25.0
22861,775,25.0
22876,768,25.0
22891,781,25.0
22906,775,25.0
22921,785,25.0
22936,785,25.0
22951,788,25.0
22967,797,25.0
22982,791,25.0
22997,792,25.0
23012,803,25.0
23027,801,25.0
23042,802,25.0
23057,798,25.0
23072,801,25.0
23087,803,25.0
23102,803,25.0
23117,806,25.0
23132,802,25.0
23147,808,25.0
23162,813,25.0
23177,809,25.0
23193,807,25.0
23208,816,25.0
23223,807,25.0
23238,819,25.0
23253,814,25.0
23268,819,25.0
23283,825,25.0
23298,824,25.0
23313,822,25.0
23328,828,25.0
23343,825,25.0
23358,827,25.0
23373,833,25.0
23388,825,25.0
23403,836,25.0
23419,843,25.0
23434,856,25.0
23449,849,25.0
23464,847,25.0
23479,855,25.0
23494,851,25.0
23509,852,25.0
23524,865,25.0
23539,854,25.0
23554,863,25.0
23569,860,25.0
23584,856,25.0
23599,867,25.0
23614,866,25.0
23629,864,25.0
23644,869,25.0
23660,870,25.0
23675,872,25.0
23690,880,25.0
23705,883,25.0
23720,876,25.0
23735,886,25.0
23750,886,25.0
23765,883,25.0
23780,894,25.0
23795,889,25.0
23810,896,25.0
23825,896,25.0
23840,896,25.0
23855,901,25.0
23870,908,25.0
23886,911,25.0
23901,908,25.0
23916,913,25.0
23931,911,25.0
23946,918,25.0
23961,919,25.0
23976,918,25.0
23991,920,25.0
24006,926,25.0
24021,931,25.0
24036,931,25.0
24051,932,25.0
24066,936,25.0
24081,938,25.0
24096,940,25.0
24112,339,25.0
24127,337,25.0
24142,335,25.0
24157,337,25.0
24172,327,25.0
24187,336,25.0
24202,324,25.0
24217,316,25.0
24232,323,25.0
24247,318,25.0
24262,318,25.0
24277,316,25.0
24292,310,25.0
24307,313,25.0
24322,304,25.0
24337,304,25.0
24352,302,25.0
24368,301,25.0
24383,298,25.0
24398,294,25.0
24413,291,25.0
24428,292,25.0
24443,289,25.0
24458,281,25.0
24473,281,25.0
24488,275,25.0
24503,273,25.0
24518,271,25.0
24533,268,25.0
24548,262,25.0
24563,259,25.0
24578,260,25.0
24593,263,25.0
24608,257,25.0
24624,249,25.0
24639,251,25.0
24654,251,25.0
24669,253,25.0
24684,244,25.0
24699,243,25.0
24714,242,25.0
24729,241,25.0
24744,240,25.0
24759,224,25.0
24774,230,25.0
24789,220,25.0
24804,226,25.0
24819,222,25.0
24834,221,25.0
24849,221,25.0
24865,220,25.0
24880,210,25.0
24895,211,25.0
24910,209,25.0
24925,209,25.0
24940,207,25.0
24955,207,25.0
24970,207,25.0
24985,206,25.0
25000,199,25.0
25015,207,25.0
25030,207,25.0
25045,199,25.0
25060,199,25.0
25075,199,25.0
25090,198,25.0
25105,197,25.0
25121,192,25.0
25136,193,25.0
25151,192,25.0
25166,191,25.0
25181,192,25.0
25196,192,25.0
25211,191,25.0
25226,183,25.0
25241,179,25.0
25256,180,25.0
25271,176,25.0
25286,179,25.0
25301,172,25.0
25316,179,25.0
25331,175,25.0
25346,176,25.0
25361,173,25.0
25377,169,25.0
25392,167,25.0
25407,162,25.0
25422,158,25.0
25437,159,25.0
25452,152,25.0
25467,149,25.0
25482,155,25.0
25497,147,25.0
25512,145,25.0
25527,142,25.0
25542,145,25.0
25557,140,25.0
25572,142,25.0
25587,139,25.0
25602,131,25.0
25618,130,25.0
25633,127,25.0
25648,128,25.0
25663,123,25.0
25678,125,25.0
25693,120,25.0
25708,114,25.0
25723,115,25.0
25738,111,25.0
25753,115,25.0
25768,112,25.0
25783,105,25.0
25798,99,25.0
25813,102,25.0
25828,107,25.0
25843,99,25.0
25858,93,25.0
25874,96,25.0
25889,88,25.0
25904,88,25.0
25919,79,25.0
25934,81,25.0
25949,88,25.0
25964,83,25.0
25979,83,25.0
25994,83,25.0
26009,77,25.0
26024,76,25.0
26039,78,25.0
26054,66,25.0
26069,65,25.0
26084,73,25.0
26099,63,25.0
26114,57,25.0
26130,54,25.0
26145,55,25.0
26160,47,25.0
26175,44,25.0
26190,35,25.0
26205,32,25.0
26220,27,25.0
26235,20,25.0
26250,19,25.0
26265,15,25.0
26280,6,25.0
26295,0,25.0
26310,0,25.0
26325,0,25.0
26340,0,25.0
26355,0,25.0
26371,0,25.0
26386,0,25.0
26401,0,25.0
26416,0,25.0
26431,0,25.0
26446,0,25.0
26461,0,25.0
26476,0,25.0
26491,0,25.0
26506,0,25.0
26521,0,25.0
26536,0,25.0
26551,0,25.0
26566,0,25.0
26581,0,25.0
26596,0,25.0
26611,0,25.0
26627,0,25.0
26642,0,25.0
26657,0,25.0
26672,0,25.0
26687,0,25.0
26702,0,25.0
26717,0,25.0
26732,0,25.0
26747,0,25.0
26762,0,25.0
26777,0,25.0
26792,0,25.0
26807,0,25.0
26822,0,25.0
26837,0,25.0
26852,0,25.0
26867,0,25.0
26883,0,25.0
26898,0,25.0
26913,0,25.0
26928,0,25.0
26943,0,25.0
26958,0,25.0
26973,0,25.0
26988,0,25.0
27003,0,25.0
27018,0,25.0
27033,0,25.0
27048,0,25.0
27063,0,25.0
27078,0,25.0
27093,0,25.0
27108,0,25.0
27124,0,25.0
27139,0,25.0
27154,0,25.0
27169,0,25.0
27184,0,25.0
27199,0,25.0
27214,0,25.0
27229,0,25.0
27244,0,25.0
27259,0,25.0
27274,0,25.0
27289,0,25.0
27304,0,25.0
27319,0,25.0
27334,0,25.0
27349,0,25.0
27364,0,25.0
27380,0,25.0
27395,0,25.0
27410,0,25.0
27425,0,25.0
27440,0,25.0
27455,0,25.0
27470,0,25.0
27485,0,25.0
27500,0,25.0
27515,0,25.0
27530,0,25.0
27545,0,25.0
27560,0,25.0
27575,0,25.0
27590,0,25.0
27605,0,25.0
27620,0,25.0
27636,0,25.0
27651,0,25.0
27666,0,25.0
27681,0,25.0
27696,0,25.0
27711,0,25.0
27726,0,25.0
27741,0,25.0
27756,0,25.0
27771,0,25.0
27786,0,25.0
27801,0,25.0
27816,0,25.0
27831,0,25.0
27846,0,25.0
27861,0,25.0
27877,0,25.0
27892,0,25.0
27907,0,25.0
27922,0,25.0
27937,0,25.0
27952,0,25.0
27967,0,25.0
27982,0,25.0
27997,0,25.0
28012,0,25.0
28027,0,25.0
28042,0,25.0
28057,0,25.0
28072,0,25.0
28087,0,25.0
28102,0,25.0
28117,0,25.0
28133,0,25.0
28148,0,25.0
28163,1,25.0
28178,5,25.0
28193,15,25.0
28208,11,25.0
28223,13,25.0
28238,12,25.0
28253,22,25.0
28268,25,25.0
28283,25,25.0
28298,28,25.0
28313,23,25.0
28328,29,25.0
28343,33,25.0
28358,30,25.0
28373,36,25.0
28389,37,25.0
28404,36,25.0
28419,39,25.0
28434,41,25.0
28449,46,25.0
28464,42,25.0
28479,45,25.0
28494,48,25.0
28509,56,25.0
28524,55,25.0
28539,60,25.0
28554,56,25.0
28569,55,25.0
28584,67,25.0
28599,65,25.0
28614,66,25.0
28630,65,25.0
28645,73,25.0
28660,75,25.0
28675,76,25.0
28690,71,25.0
28705,74,25.0
28720,83,25.0
28735,79,25.0
28750,83,25.0
28765,88,25.0
28780,88,25.0
28795,96,25.0
28810,93,25.0
28825,94,25.0
28840,99,25.0
28855,103,25.0
28870,100,25.0
28886,107,25.0
28901,100,25.0
28916,98,25.0
28931,107,25.0
28946,112,25.0
28961,107,25.0
28976,105,25.0
28991,112,25.0
29006,118,25.0
29021,113,25.0
29036,115,25.0
29051,120,25.0
29066,125,25.0
29081,124,25.0
29096,117,25.0
29111,124,25.0
29126,131,25.0
29142,125,25.0
29157,125,25.0
29172,131,25.0
29187,136,25.0
29202,135,25.0
29217,127,25.0
29232,133,25.0
29247,140,25.0
29262,143,25.0
29277,137,25.0
29292,144,25.0
29307,147,25.0
29322,139,25.0
29337,145,25.0
29352,148,25.0
29367,148,25.0
29383,144,25.0
29398,156,25.0
29413,157,25.0
29428,159,25.0
29443,158,25.0
29458,159,25.0
29473,163,25.0
29488,163,25.0
29503,166,25.0
29518,167,25.0
29533,167,25.0
29548,168,25.0
29563,164,25.0
29578,173,25.0
29593,172,25.0
29608,167,25.0
29623,179,25.0
29639,176,25.0
29654,179,25.0
29669,181,25.0
29684,176,25.0
29699,182,25.0
29714,178,25.0
29729,190,25.0
29744,190,25.0
29759,190,25.0
29774,195,25.0
29789,199,25.0
29804,196,25.0
29819,204,25.0
29834,202,25.0
29849,203,25.0
29864,207,25.0
29879,211,25.0
29895,206,25.0
29910,209,25.0
29925,213,25.0
29940,220,25.0
29955,218,25.0
29970,221,25.0
29985,224,25.0
30000,222,25.0
30015,230,25.0
30030,224,25.0
30045,227,25.0
30060,231,25.0
30075,238,25.0
30090,238,25.0
30105,241,25.0
30120,240,25.0
30136,239,25.0
30151,240,25.0
30166,243,25.0
30181,245,25.0
30196,249,25.0
30211,244,25.0
30226,253,25.0
30241,252,25.0
30256,259,25.0
30271,259,25.0
30286,257,25.0
30301,262,25.0
30316,268,25.0
30331,270,25.0
30346,268,25.0
30361,271,25.0
30376,267,25.0
30392,268,25.0
30407,275,25.0
30422,284,25.0
30437,280,25.0
30452,279,25.0
30467,284,25.0
30482,277,25.0
30497,281,25.0
30512,292,25.0
30527,290,25.0
30542,287,25.0
30557,281,25.0
30572,291,25.0
30587,291,25.0
30602,292,25.0
30617,290,25.0
30632,295,25.0
30648,300,25.0
30663,307,25.0
30678,308,25.0
30693,310,25.0
30708,316,25.0
30723,317,25.0
30738,310,25.0
30753,319,25.0
30768,323,25.0
30783,331,25.0
30798,327,25.0
30813,334,25.0
30828,339,25.0
30843,345,25.0
30858,344,25.0
30873,344,25.0
30889,353,25.0
30904,350,25.0
30919,356,25.0
30934,367,25.0
30949,364,25.0
30964,368,25.0
30979,374,25.0
30994,376,25.0
31009,384,25.0
31024,380,25.0
31039,390,25.0
31054,393,25.0
31069,394,25.0
31084,399,25.0
31099,401,25.0
31114,404,25.0
31129,416,25.0
31145,418,25.0
31160,419,25.0
31175,423,25.0
31190,430,25.0
31205,435,25.0
31220,432,25.0
31235,446,25.0
31250,450,25.0
31265,454,25.0
31280,455,25.0
31295,462,25.0
31310,467,25.0
31325,460,25.0
31340,467,25.0
31355,482,25.0
31370,477,25.0
31385,483,25.0
31401,487,25.0
31416,492,25.0
31431,491,25.0
31446,493,25.0
31461,499,25.0
31476,502,25.0
31491,508,25.0
31506,509,25.0
31521,515,25.0
31536,515,25.0
31551,516,25.0
31566,517,25.0
31581,520,25.0
31596,527,25.0
31611,532,25.0
31626,527,25.0
31642,536,25.0
31657,542,25.0
31672,545,25.0
31687,545,25.0
31702,551,25.0
31717,553,25.0
31732,556,25.0
31747,559,25.0
31762,556,25.0
31777,566,25.0
31792,566,25.0
31807,568,25.0
31822,579,25.0
31837,583,25.0
31852,577,25.0
31867,575,25.0
31882,582,25.0
31898,583,25.0
31913,585,25.0
31928,593,25.0
31943,586,25.0
31958,593,25.0
31973,590,25.0
31988,598,25.0
32003,604,25.0
32018,592,25.0
32033,604,25.0
32048,614,25.0
32063,609,25.0
32078,606,25.0
32093,615,25.0
32108,617,25.0
32123,611,25.0
32138,624,25.0
32154,623,25.0
32169,626,25.0
32184,633,25.0
32199,629,25.0
32214,632,25.0
32229,634,25.0
32244,644,25.0
32259,641,25.0
32274,643,25.0
32289,646,25.0
32304,644,25.0
32319,649,25.0
32334,652,25.0
32349,659,25.0
32364,662,25.0
32379,659,25.0
32395,655,25.0
32410,668,25.0
32425,671,25.0
32440,668,25.0
32455,671,25.0
32470,675,25.0
32485,679,25.0
32500,675,25.0
32515,684,25.0
32530,688,25.0
32545,688,25.0
32560,694,25.0
32575,691,25.0
32590,688,25.0
32605,696,25.0
32620,691,25.0
32635,704,25.0
32651,704,25.0
32666,707,25.0
32681,707,25.0
32696,711,25.0
32711,716,25.0
32726,717,25.0
32741,714,25.0
32756,724,25.0
32771,716,25.0
32786,728,25.0
32801,734,25.0
32816,723,25.0
32831,735,25.0
32846,742,25.0
32861,748,25.0
32876,745,25.0
32891,748,25.0
32907,750,25.0
32922,752,25.0
32937,754,25.0
32952,755,25.0
32967,763,25.0
32982,760,25.0
32997,766,25.0
33012,771,25.0
33027,765,25.0
33042,775,25.0
33057,771,25.0
33072,775,25.0
33087,782,25.0
33102,787,25.0
33117,790,25.0
33132,789,25.0
33148,791,25.0
33163,792,25.0
33178,792,25.0
33193,795,25.0
33208,787,25.0
33223,798,25.0
33238,802,25.0
33253,804,25.0
33268,799,25.0
33283,807,25.0
33298,807,25.0
33313,803,25.0
33328,811,25.0
33343,813,25.0
33358,817,25.0
33373,808,25.0
33388,815,25.0
33404,816,25.0
33419,814,25.0
33434,815,25.0
33449,824,25.0
33464,825,25.0
33479,823,25.0
33494,820,25.0
33509,823,25.0
33524,826,25.0
33539,826,25.0
33554,828,25.0
33569,831,25.0
33584,832,25.0
33599,839,25.0
33614,839,25.0
33629,835,25.0
33644,835,25.0
33660,844,25.0
33675,843,25.0
33690,844,25.0
33705,845,25.0
33720,843,25.0
33735,850,25.0
33750,849,25.0
33765,847,25.0
33780,857,25.0
33795,856,25.0
33810,859,25.0
33825,864,25.0
33840,864,25.0
33855,871,25.0
33870,871,25.0
33885,867,25.0
33901,875,25.0
33916,884,25.0
33931,887,25.0
33946,885,25.0
33961,888,25.0
33976,888,25.0
33991,886,25.0
34006,889,25.0
34021,895,25.0
34036,892,25.0
34051,901,25.0
34066,897,25.0
34081,902,25.0
34096,910,25.0
34111,910,25.0
34126,905,25.0
34141,914,25.0
34157,921,25.0
34172,923,25.0
34187,924,25.0
34202,927,25.0
34217,931,25.0
34232,926,25.0
34247,935,25.0
34262,935,25.0
34277,933,25.0
34292,935,25.0
34307,944,25.0
34322,940,25.0
34337,940,25.0
34352,942,25.0
34367,950,25.0
34382,952,25.0
34397,964,25.0
34413,965,25.0
34428,969,25.0
34443,971,25.0
34458,987,25.0
34473,990,25.0
34488,986,25.0
34503,994,25.0
34518,998,25.0
34533,1014,25.0
34548,1014,25.0
34563,1015,25.0
34578,1023,25.0
34593,1023,25.0
34608,1023,25.0
34623,1023,25.0
34638,1023,25.0
34654,1023,25.0
34669,1023,25.0
34684,1023,25.0
34699,1023,25.0
34714,1023,25.0
34729,1023,25.0
34744,1023,25.0
34759,1023,25.0
34774,1023,25.0
34789,1023,25.0
34804,1023,25.0
34819,1023,25.0
34834,1023,25.0
34849,1023,25.0
34864,1023,25.0
34879,1023,25.0
34894,1023,25.0
34910,1023,25.0
34925,1023,25.0
34940,1023,25.0
34955,1023,25.0
34970,1023,25.0
34985,1023,25.0
35000,1023,25.0
35015,1023,25.0
35030,1023,25.0
35045,1023,25.0
35060,1023,25.0
35075,1023,25.0
35090,1023,25.0
35105,1023,25.0
35120,1023,25.0
35135,1023,25.0
35150,1023,25.0
35166,1023,25.0
35181,1023,25.0
35196,1023,25.0
35211,1023,25.0
35226,1023,25.0
35241,1023,25.0
35256,1023,25.0
35271,1023,25.0
35286,1023,25.0
35301,1023,25.0
35316,1023,25.0
35331,1023,25.0
35346,1023,25.0
35361,1023,25.0
35376,1023,25.0
35391,1023,25.0
35407,1023,25.0
35422,1023,25.0
35437,1023,25.0
35452,1023,25.0
35467,1023,25.0
35482,1023,25.0
35497,1023,25.0
35512,1023,25.0
35527,1023,25.0
35542,1023,25.0
35557,1023,25.0
35572,1023,25.0
35587,1023,25.0
35602,1023,25.0
35617,1023,25.0
35632,1023,25.0
35647,1023,25.0
35663,1023,25.0
35678,1023,25.0
35693,1023,25.0
35708,1023,25.0
35723,1023,25.0
35738,1023,25.0
35753,1023,25.0
35768,1023,25.0
35783,1023,25.0
35798,1023,25.0
35813,1023,25.0
35828,1023,25.0
35843,1023,25.0
35858,1023,25.0
35873,1023,25.0
35888,1023,25.0
35903,1023,25.0
35919,1023,25.0
35934,1023,25.0
35949,1023,25.0
35964,1023,25.0
35979,1023,25.0
35994,1023,25.0
36009,1023,25.0
36024,1023,25.0
36039,1023,25.0
36054,1023,25.0
36069,1023,25.0
36084,1023,25.0
36099,1023,25.0
36114,1023,25.0
36129,1023,25.0
36144,1023,25.0
36160,1023,25.0
36175,1023,25.0
36190,1023,25.0
36205,1023,25.0
36220,1023,25.0
36235,1023,25.0
36250,1023,25.0
36265,1023,25.0
36280,1023,25.0
36295,1023,25.0
36310,1023,25.0
36325,1023,25.0
36340,1023,25.0
36355,1023,25.0
36370,1023,25.0
36385,1023,25.0
36401,1023,25.0
36416,1023,25.0
36431,1023,25.0
36446,1023,25.0
36461,1023,25.0
36476,1023,25.0
36491,1023,25.0
36506,1023,25.0
36521,1023,25.0
36536,1023,25.0
36551,1023,25.0
36566,1023,25.0
36581,1023,25.0
36596,1023,25.0
36611,1023,25.0
36627,1023,25.0
36642,1023,25.0
36657,1023,25.0
36672,1023,25.0
36687,1023,25.0
36702,1023,25.0
36717,1023,25.0
36732,1023,25.0
36747,1023,25.0
36762,1023,25.0
36777,1023,25.0
36792,1023,25.0
36807,1023,25.0
36822,1023,25.0
36837,1023,25.0
36852,1023,25.0
36868,1023,25.0
36883,1023,25.0
36898,1023,25.0
36913,1023,25.0
36928,1023,25.0
36943,1023,25.0
36958,1023,25.0
36973,1023,25.0
36988,1023,25.0
37003,1023,25.0
37018,1023,25.0
37033,1023,25.0
37048,1023,25.0
37063,1023,25.0
37078,1023,25.0
37094,1023,25.0
37109,1023,25.0
37124,1023,25.0
37139,1023,25.0
37154,1023,25.0
37169,1023,25.0
37184,1023,25.0
37199,1023,25.0
37214,1023,25.0
37229,1023,25.0
37244,1023,25.0
37259,1023,25.0
37274,1023,25.0
37289,1023,25.0
37304,1023,25.0
37320,1023,25.0
37335,1022,25.0
37350,1023,25.0
37365,1022,25.0
37380,1023,25.0
37395,1016,25.0
37410,1011,25.0
37425,1014,25.0
37440,1011,25.0
37455,1013,25.0
37470,1003,25.0
37485,986,25.0
37500,979,25.0
37515,974,25.0
37530,969,25.0
37545,974,25.0
37561,974,25.0
37576,964,25.0
37591,967,25.0
37606,971,25.0
37621,963,25.0
37636,958,25.0
37651,951,25.0
37666,958,25.0
37681,954,25.0
37696,952,25.0
37711,947,25.0
37726,952,25.0
37741,941,25.0
37756,943,25.0
37771,940,25.0
37787,935,25.0
37802,939,25.0
37817,938,25.0
37832,934,25.0
37847,937,25.0
37862,935,25.0
37877,929,25.0
37892,927,25.0
37907,925,25.0
37922,924,25.0
37937,921,25.0
37952,915,25.0
37967,921,25.0
37982,919,25.0
37997,911,25.0
38012,909,25.0
38028,903,25.0
38043,911,25.0
38058,900,25.0
38073,900,25.0
38088,903,25.0
38103,902,25.0
38118,893,25.0
38133,897,25.0
38148,892,25.0
38163,888,25.0
38178,885,25.0
38193,889,25.0
38208,887,25.0
38223,890,25.0
38238,888,25.0
38254,883,25.0
38269,876,25.0
38284,876,25.0
38299,876,25.0
38314,880,25.0
38329,876,25.0
38344,873,25.0
38359,871,25.0
38374,873,25.0
38389,873,25.0
38404,873,25.0
38419,862,25.0
38434,871,25.0
38449,867,25.0
38464,864,25.0
38480,867,25.0
38495,859,25.0
38510,857,25.0
38525,863,25.0
38540,858,25.0
38555,849,25.0
38570,854,25.0
38585,854,25.0
38600,839,25.0
38615,845,25.0
38630,846,25.0
38645,843,25.0
38660,838,25.0
38675,843,25.0
38690,843,25.0
38705,836,25.0
38721,836,25.0
38736,836,25.0
38751,842,25.0
38766,831,25.0
38781,833,25.0
38796,833,25.0
38811,827,25.0
38826,826,25.0
38841,820,25.0
38856,822,25.0
38871,824,25.0
38886,825,25.0
38901,813,25.0
38916,822,25.0
38931,819,25.0
38947,819,25.0
38962,819,25.0
38977,816,25.0
38992,821,25.0
39007,812,25.0
39022,811,25.0
39037,814,25.0
39052,805,25.0
39067,795,25.0
39082,805,25.0
39097,796,25.0
39112,798,25.0
39127,799,25.0
39142,795,25.0
39157,792,25.0
39173,797,25.0
39188,783,25.0
39203,782,25.0
39218,782,25.0
39233,787,25.0
39248,781,25.0
39263,774,25.0
39278,775,25.0
39293,776,25.0
39308,768,25.0
39323,766,25.0
39338,770,25.0
39353,768,25.0
39368,767,25.0
39383,766,25.0
39398,764,25.0
39414,760,25.0
39429,756,25.0
39444,752,25.0
39459,758,25.0
39474,748,25.0
39489,751,25.0
39504,751,25.0
39519,739,25.0
39534,748,25.0
39549,743,25.0
39564,736,25.0
39579,741,25.0
39594,737,25.0
39609,727,25.0
39624,739,25.0
39640,729,25.0
39655,732,25.0
39670,729,25.0
39685,723,25.0
39700,726,25.0
39715,719,25.0
39730,716,25.0
39745,711,25.0
39760,717,25.0
39775,713,25.0
39790,707,25.0
39805,711,25.0
39820,710,25.0
39835,707,25.0
39850,707,25.0
39865,703,25.0
39881,706,25.0
39896,704,25.0
39911,692,25.0
39926,701,25.0
39941,699,25.0
39956,688,25.0
39971,696,25.0
39986,688,25.0
40001,689,25.0
40016,687,25.0
40031,688,25.0
40046,681,25.0
40061,679,25.0
40076,668,25.0
40091,668,25.0
40107,664,25.0
40122,662,25.0
40137,659,25.0
40152,653,25.0
40167,649,25.0
40182,654,25.0
40197,647,25.0
40212,644,25.0
40227,647,25.0
40242,639,25.0
40257,637,25.0
40272,626,25.0
40287,624,25.0
40302,623,25.0
40317,617,25.0
40333,617,25.0
40348,617,25.0
40363,607,25.0
40378,603,25.0
40393,596,25.0
40408,593,25.0
40423,588,25.0
40438,579,25.0
40453,579,25.0
40468,581,25.0
40483,569,25.0
40498,567,25.0
40513,568,25.0
40528,561,25.0
40543,550,25.0
40558,553,25.0
40574,547,25.0
40589,545,25.0
40604,543,25.0
40619,533,25.0
40634,527,25.0
40649,526,25.0
40664,523,25.0
40679,526,25.0
40694,515,25.0
40709,505,25.0
40724,503,25.0
40739,494,25.0
40754,502,25.0
40769,497,25.0
40784,494,25.0
40800,496,25.0
40815,487,25.0
40830,480,25.0
40845,483,25.0
40860,480,25.0
40875,480,25.0
40890,475,25.0
40905,474,25.0
40920,472,25.0
40935,464,25.0
40950,460,25.0
40965,460,25.0
40980,449,25.0
40995,452,25.0
41010,440,25.0
41025,448,25.0
41041,438,25.0
41056,434,25.0
41071,432,25.0
41086,433,25.0
41101,432,25.0
41116,422,25.0
41131,422,25.0
41146,423,25.0
41161,417,25.0
41176,415,25.0
41191,414,25.0
41206,408,25.0
41221,412,25.0
41236,412,25.0
41251,399,25.0
41267,407,25.0
41282,399,25.0
41297,401,25.0
41312,401,25.0
41327,391,25.0
41342,387,25.0
41357,391,25.0
41372,387,25.0
41387,374,25.0
41402,385,25.0
41417,382,25.0
41432,376,25.0
41447,376,25.0
41462,381,25.0
41477,372,25.0
41493,371,25.0
41508,374,25.0
41523,365,25.0
41538,369,25.0
41553,356,25.0
41568,355,25.0
41583,353,25.0
41598,348,25.0
41613,345,25.0
41628,344,25.0
41643,337,25.0
41658,345,25.0
41673,341,25.0
41688,337,25.0
41703,340,25.0
41718,340,25.0
41734,329,25.0
41749,327,25.0
41764,327,25.0
41779,324,25.0
41794,319,25.0
41809,319,25.0
41824,321,25.0
41839,312,25.0
41854,312,25.0
41869,311,25.0
41884,305,25.0
41899,304,25.0
41914,301,25.0
41929,304,25.0
41944,305,25.0
41960,300,25.0
41975,292,25.0
41990,287,25.0
42005,289,25.0
42020,289,25.0
42035,280,25.0
42050,284,25.0
42065,282,25.0
42080,273,25.0
42095,271,25.0
42110,268,25.0
42125,257,25.0
42140,262,25.0
42155,254,25.0
42170,255,25.0
42186,252,25.0
42201,255,25.0
42216,255,25.0
42231,248,25.0
42246,240,25.0
42261,241,25.0
42276,239,25.0
42291,240,25.0
42306,233,25.0
42321,235,25.0
42336,236,25.0
42351,225,25.0
42366,227,25.0
42381,226,25.0
42396,220,25.0
42411,214,25.0
42427,220,25.0
42442,214,25.0
42457,209,25.0
42472,204,25.0
42487,210,25.0
42502,204,25.0
42517,204,25.0
42532,206,25.0
42547,201,25.0
42562,199,25.0
42577,201,25.0
42592,190,25.0
42607,193,25.0
42622,195,25.0
42637,188,25.0
42653,191,25.0
42668,187,25.0
42683,180,25.0
42698,187,25.0
42713,186,25.0
42728,178,25.0
42743,180,25.0
42758,183,25.0
42773,184,25.0
42788,178,25.0
42803,179,25.0
42818,174,25.0
42833,168,25.0
42848,171,25.0
42863,169,25.0
42878,166,25.0
42894,169,25.0
42909,166,25.0
42924,165,25.0
42939,169,25.0
42954,167,25.0
42969,161,25.0
42984,158,25.0
42999,163,25.0
43014,154,25.0
43029,159,25.0
43044,153,25.0
43059,156,25.0
43074,150,25.0
43089,136,25.0
43104,143,25.0
43120,140,25.0
43135,133,25.0
43150,139,25.0
43165,130,25.0
43180,135,25.0
43195,132,25.0
43210,124,25.0
43225,129,25.0
43240,120,25.0
43255,121,25.0
43270,120,25.0
43285,108,25.0
43300,116,25.0
43315,111,25.0
43330,104,25.0
43346,105,25.0
43361,100,25.0
43376,100,25.0
43391,103,25.0
43406,97,25.0
43421,89,25.0
43436,92,25.0
43451,88,25.0
43466,78,25.0
43481,82,25.0
43496,78,25.0
43511,79,25.0
43526,81,25.0
43541,76,25.0
43556,78,25.0
43571,71,25.0
43587,75,25.0
43602,67,25.0
43617,67,25.0
43632,66,25.0
43647,70,25.0
43662,63,25.0
43677,63,25.0
43692,58,25.0
43707,56,25.0
43722,54,25.0
43737,50,25.0
43752,48,25.0
43767,46,25.0
43782,35,25.0
43797,35,25.0
43813,28,25.0
43828,19,25.0
43843,19,25.0
43858,14,25.0
43873,19,25.0
43888,4,25.0
43903,0,25.0
43918,0,25.0
43933,0,25.0
43948,0,25.0
43963,0,25.0
43978,0,25.0
43993,0,25.0
44008,0,25.0
44023,0,25.0
44038,0,25.0
44054,0,25.0
44069,0,25.0
44084,0,25.0
44099,0,25.0
44114,0,25.0
44129,0,25.0
44144,0,25.0
44159,0,25.0
44174,0,25.0
44189,0,25.0
44204,0,25.0
44219,0,25.0
44234,0,25.0
44249,0,25.0
44264,0,25.0
44280,0,25.0
44295,0,25.0
44310,0,25.0
44325,0,25.0
44340,0,25.0
44355,0,25.0
44370,0,25.0
44385,0,25.0
44400,0,25.0
44415,0,25.0
44430,0,25.0
44445,0,25.0
44460,0,25.0
44475,0,25.0
44490,0,25.0
44506,0,25.0
44521,0,25.0
44536,0,25.0
44551,0,25.0
44566,0,25.0
44581,0,25.0
44596,0,25.0
44611,0,25.0
44626,0,25.0
44641,0,25.0
44656,0,25.0
44671,0,25.0
44686,0,25.0
44701,0,25.0
44716,0,25.0
44731,0,25.0
44747,0,25.0
44762,0,25.0
44777,0,25.0
44792,0,25.0
44807,0,25.0
44822,0,25.0
44837,0,25.0
44852,0,25.0
44867,0,25.0
44882,0,25.0
44897,0,25.0
44912,0,25.0
44927,0,25.0
44942,0,25.0
44957,0,25.0
44973,0,25.0
44988,0,25.0
45003,0,25.0
45018,0,25.0
45033,0,25.0
45048,0,25.0
45063,0,25.0
45078,0,25.0
45093,0,25.0
45108,0,25.0
45123,0,25.0
45138,0,25.0
45153,0,25.0
45168,0,25.0
45183,0,25.0
45199,0,25.0
45214,0,25.0
45229,0,25.0
45244,0,25.0
45259,0,25.0
45274,0,25.0
45289,0,25.0
45304,0,25.0
45319,0,25.0
45334,0,25.0
45349,0,25.0
45364,0,25.0
45379,0,25.0
45394,0,25.0
45409,0,25.0
45424,0,25.0
45440,0,25.0
45455,0,25.0
45470,0,25.0
45485,0,25.0
45500,0,25.0
45515,0,25.0
45530,0,25.0
45545,0,25.0
45560,0,25.0
45575,0,25.0
45590,0,25.0
45605,0,25.0
45620,0,25.0
45635,0,25.0
45650,0,25.0
45666,0,25.0
45681,0,25.0
45696,0,25.0
45711,0,25.0
45726,0,25.0
45741,0,25.0
45756,0,25.0
45771,0,25.0
45786,0,25.0
45801,0,25.0
45816,0,25.0
45831,6,25.0
45846,5,25.0
45861,2,25.0
45876,15,25.0
45891,15,25.0
45907,14,25.0
45922,16,25.0
45937,17,25.0
45952,24,25.0
45967,27,25.0
45982,20,25.0
45997,32,25.0
46012,28,25.0
46027,30,25.0
46042,33,25.0
46057,38,25.0
46072,41,25.0
46087,39,25.0
46102,43,25.0
46117,43,25.0
46133,48,25.0
46148,51,25.0
46163,47,25.0
46178,49,25.0
46193,59,25.0
46208,63,25.0
46223,58,25.0
46238,63,25.0
46253,67,25.0
46268,63,25.0
46283,66,25.0
46298,67,25.0
46313,71,25.0
46328,71,25.0
46343,75,25.0
46359,75,25.0
46374,78,25.0
46389,83,25.0
46404,81,25.0
46419,89,25.0
46434,95,25.0
46449,92,25.0
46464,91,25.0
46479,91,25.0
46494,99,25.0
46509,95,25.0
46524,101,25.0
46539,106,25.0
46554,105,25.0
46569,95,25.0
46584,103,25.0
46600,103,25.0
46615,113,25.0
46630,110,25.0
46645,111,25.0
46660,112,25.0
46675,118,25.0
46690,115,25.0
46705,110,25.0
46720,118,25.0
46735,117,25.0
46750,115,25.0
46765,121,25.0
46780,124,25.0
46795,126,25.0
46810,129,25.0
46826,127,25.0
46841,135,25.0
46856,124,25.0
46871,127,25.0
46886,131,25.0
46901,135,25.0
46916,139,25.0
46931,137,25.0
46946,135,25.0
46961,143,25.0
46976,149,25.0
46991,145,25.0
47006,137,25.0
47021,150,25.0
47036,155,25.0
47051,155,25.0
47067,151,25.0
47082,155,25.0
47097,160,25.0
47112,162,25.0
47127,158,25.0
47142,159,25.0
47157,159,25.0
47172,163,25.0
47187,169,25.0
47202,175,25.0
47217,169,25.0
47232,167,25.0
47247,172,25.0
47262,174,25.0
47277,179,25.0
47293,184,25.0
47308,179,25.0
47323,182,25.0
47338,179,25.0
47353,184,25.0
47368,179,25.0
47383,188,25.0
47398,190,25.0
47413,190,25.0
47428,193,25.0
47443,193,25.0
47458,200,25.0
47473,202,25.0
47488,207,25.0
47503,203,25.0
47519,200,25.0
47534,204,25.0
47549,209,25.0
47564,216,25.0
47579,211,25.0
47594,209,25.0
47609,219,25.0
47624,212,25.0
47639,220,25.0
47654,224,25.0
47669,223,25.0
47684,225,25.0
47699,221,25.0
47714,231,25.0
47729,232,25.0
47744,231,25.0
47760,233,25.0
47775,239,25.0
47790,245,25.0
47805,241,25.0
47820,245,25.0
47835,249,25.0
47850,244,25.0
47865,254,25.0
47880,251,25.0
47895,254,25.0
47910,255,25.0
47925,257,25.0
47940,259,25.0
47955,259,25.0
47970,262,25.0
47986,261,25.0
48001,265,25.0
48016,268,25.0
48031,267,25.0
48046,269,25.0
48061,271,25.0
48076,271,25.0
48091,275,25.0
48106,275,25.0
48121,276,25.0
48136,279,25.0
48151,281,25.0
48166,280,25.0
48181,284,25.0
48196,288,25.0
48212,0,25.0
48227,0,25.0
48242,0,25.0
48257,0,25.0
48272,0,25.0
48287,0,25.0
48302,0,25.0
48317,0,25.0
48332,0,25.0
48347,0,25.0
48362,0,25.0
48377,0,25.0
48392,0,25.0
48407,0,25.0
48422,0,25.0
48437,0,25.0
48452,0,25.0
48468,0,25.0
48483,0,25.0
48498,0,25.0
48513,0,25.0
48528,0,25.0
48543,0,25.0
48558,0,25.0
48573,0,25.0
48588,0,25.0
48603,0,25.0
48618,0,25.0
48633,0,25.0
48648,0,25.0
48663,0,25.0
48678,0,25.0
48693,0,25.0
48708,0,25.0
48724,0,25.0
48739,0,25.0
48754,0,25.0
48769,0,25.0
48784,0,25.0
48799,0,25.0
48814,0,25.0
48829,0,25.0
48844,0,25.0
48859,0,25.0
48874,0,25.0
48889,0,25.0
48904,0,25.0
48919,0,25.0
48934,0,25.0
48949,0,25.0
48965,0,25.0
48980,0,25.0
48995,0,25.0
49010,0,25.0
49025,0,25.0
49040,0,25.0
49055,0,25.0
49070,0,25.0
49085,0,25.0
49100,0,25.0
49115,0,25.0
49130,0,25.0
49145,0,25.0
49160,0,25.0
49175,0,25.0
49190,0,25.0
49205,0,25.0
49221,0,25.0
49236,0,25.0
49251,0,25.0
49266,0,25.0
49281,0,25.0
49296,0,25.0
49311,0,25.0
49326,0,25.0
49341,0,25.0
49356,0,25.0
49371,0,25.0
49386,0,25.0
49401,0,25.0
49416,0,25.0
49431,0,25.0
49446,0,25.0
49461,0,25.0
49477,12,25.0
49492,6,25.0
49507,6,25.0
49522,20,25.0
49537,17,25.0
49552,12,25.0
49567,24,25.0
49582,27,25.0
49597,22,25.0
49612,25,25.0
49627,30,25.0
49642,29,25.0
49657,31,25.0
49672,35,25.0
49687,36,25.0
49702,43,25.0
49718,35,25.0
49733,46,25.0
49748,47,25.0
49763,55,25.0
49778,48,25.0
49793,49,25.0
49808,57,25.0
49823,56,25.0
49838,57,25.0
49853,61,25.0
49868,62,25.0
49883,63,25.0
49898,67,25.0
49913,68,25.0
49928,71,25.0
49943,77,25.0
49958,76,25.0
49974,76,25.0
49989,75,25.0
50004,81,25.0
50019,77,25.0
50034,81,25.0
50049,88,25.0
50064,89,25.0
50079,85,25.0
50094,83,25.0
50109,86,25.0
50124,91,25.0
50139,92,25.0
50154,94,25.0
50169,92,25.0
50184,101,25.0
50199,105,25.0
50214,102,25.0
50230,105,25.0
50245,103,25.0
50260,108,25.0
50275,112,25.0
50290,112,25.0
50305,115,25.0
50320,113,25.0
50335,117,25.0
50350,124,25.0
50365,120,25.0
50380,124,25.0
50395,127,25.0
50410,128,25.0
50425,127,25.0
50440,129,25.0
50455,126,25.0
50471,124,25.0
50486,135,25.0
50501,139,25.0
50516,135,25.0
50531,143,25.0
50546,140,25.0
50561,141,25.0
50576,142,25.0
50591,143,25.0
50606,144,25.0
50621,147,25.0
50636,147,25.0
50651,154,25.0
50666,156,25.0
50681,153,25.0
50696,153,25.0
50711,158,25.0
50727,161,25.0
50742,153,25.0
50757,161,25.0
50772,163,25.0
50787,162,25.0
50802,166,25.0
50817,166,25.0
50832,167,25.0
50847,171,25.0
50862,175,25.0
50877,177,25.0
50892,176,25.0
50907,176,25.0
50922,179,25.0
50937,179,25.0
50952,180,25.0
50967,185,25.0
50983,189,25.0
50998,187,25.0
51013,187,25.0
51028,191,25.0
51043,192,25.0
51058,191,25.0
51073,196,25.0
51088,201,25.0
51103,190,25.0
51118,204,25.0
51133,209,25.0
51148,203,25.0
51163,212,25.0
51178,204,25.0
51193,211,25.0
51208,215,25.0
51224,216,25.0
51239,211,25.0
51254,217,25.0
51269,222,25.0
51284,223,25.0
51299,224,25.0
51314,230,25.0
51329,224,25.0
51344,231,25.0
51359,236,25.0
51374,233,25.0
51389,240,25.0
51404,239,25.0
51419,243,25.0
51434,248,25.0
51449,243,25.0
51464,249,25.0
51480,249,25.0
51495,254,25.0
51510,254,25.0
51525,259,25.0
51540,255,25.0
51555,255,25.0
51570,259,25.0
51585,259,25.0
51600,256,25.0
51615,263,25.0
51630,263,25.0
51645,259,25.0
51660,273,25.0
51675,268,25.0
51690,273,25.0
51705,273,25.0
51720,273,25.0
51736,279,25.0
51751,278,25.0
51766,280,25.0
51781,285,25.0
51796,283,25.0
51811,287,25.0
51826,287,25.0
51841,289,25.0
51856,295,25.0
51871,295,25.0
51886,286,25.0
51901,294,25.0
51916,294,25.0
51931,299,25.0
51946,294,25.0
51961,306,25.0
51977,304,25.0
51992,312,25.0
52007,312,25.0
52022,316,25.0
52037,322,25.0
52052,321,25.0
52067,326,25.0
52082,332,25.0
52097,338,25.0
52112,331,25.0
52127,335,25.0
52142,337,25.0
52157,347,25.0
52172,346,25.0
52187,350,25.0
52202,358,25.0
52217,359,25.0
52233,364,25.0
52248,368,25.0
52263,365,25.0
52278,374,25.0
52293,382,25.0
52308,384,25.0
52323,386,25.0
52338,387,25.0
52353,393,25.0
52368,403,25.0
52383,406,25.0
52398,411,25.0
52413,415,25.0
52428,419,25.0
52443,423,25.0
52458,422,25.0
52473,428,25.0
52489,428,25.0
52504,436,25.0
52519,445,25.0
52534,451,25.0
52549,451,25.0
52564,454,25.0
52579,455,25.0
52594,467,25.0
52609,466,25.0
52624,470,25.0
52639,476,25.0
52654,480,25.0
52669,487,25.0
52684,479,25.0
52699,486,25.0
52714,492,25.0
52730,496,25.0
52745,500,25.0
52760,504,25.0
52775,503,25.0
52790,517,25.0
52805,511,25.0
52820,512,25.0
52835,518,25.0
52850,519,25.0
52865,526,25.0
52880,524,25.0
52895,533,25.0
52910,532,25.0
52925,537,25.0
52940,542,25.0
52955,545,25.0
52970,555,25.0
52986,550,25.0
53001,551,25.0
53016,559,25.0
53031,562,25.0
53046,559,25.0
53061,556,25.0
53076,569,25.0
53091,574,25.0
53106,571,25.0
53121,572,25.0
53136,572,25.0
53151,575,25.0
53166,575,25.0
53181,583,25.0
53196,589,25.0
53211,581,25.0
53226,591,25.0
53242,591,25.0
53257,591,25.0
53272,601,25.0
53287,597,25.0
53302,600,25.0
53317,603,25.0
53332,603,25.0
53347,612,25.0
53362,611,25.0
53377,615,25.0
53392,617,25.0
53407,619,25.0
53422,619,25.0
53437,624,25.0
53452,624,25.0
53467,622,25.0
53483,632,25.0
53498,631,25.0
53513,638,25.0
53528,633,25.0
53543,633,25.0
53558,643,25.0
53573,647,25.0
53588,639,25.0
53603,652,25.0
53618,654,25.0
53633,654,25.0
53648,657,25.0
53663,659,25.0
53678,656,25.0
53693,667,25.0
53708,662,25.0
53723,671,25.0
53739,673,25.0
53754,671,25.0
53769,671,25.0
53784,681,25.0
53799,682,25.0
53814,679,25.0
53829,676,25.0
53844,689,25.0
53859,691,25.0
53874,694,25.0
53889,691,25.0
53904,695,25.0
53919,697,25.0
53934,694,25.0
53949,704,25.0
53964,702,25.0
53979,712,25.0
53995,711,25.0
54010,716,25.0
54025,717,25.0
54040,721,25.0
54055,724,25.0
54070,728,25.0
54085,728,25.0
54100,736,25.0
54115,732,25.0
54130,731,25.0
54145,743,25.0
54160,743,25.0
54175,737,25.0
54190,741,25.0
54205,745,25.0
54220,751,25.0
54236,755,25.0
54251,758,25.0
54266,764,25.0
54281,766,25.0
54296,761,25.0
54311,765,25.0
54326,772,25.0
54341,773,25.0
54356,771,25.0
54371,775,25.0
54386,782,25.0
54401,782,25.0
54416,787,25.0
54431,793,25.0
54446,788,25.0
54461,785,25.0
54476,792,25.0
54492,798,25.0
54507,801,25.0
54522,803,25.0
54537,807,25.0
54552,803,25.0
54567,798,25.0
54582,804,25.0
54597,812,25.0
54612,802,25.0
54627,809,25.0
54642,811,25.0
54657,812,25.0
54672,810,25.0
54687,808,25.0
54702,809,25.0
54717,819,25.0
54732,824,25.0
54748,820,25.0
54763,820,25.0
54778,824,25.0
54793,819,25.0
54808,823,25.0
54823,830,25.0
54838,827,25.0
54853,823,25.0
54868,829,25.0
54883,831,25.0
54898,830,25.0
54913,832,25.0
54928,838,25.0
54943,835,25.0
54958,835,25.0
54973,843,25.0
54989,841,25.0
55004,846,25.0
55019,848,25.0
55034,849,25.0
55049,851,25.0
55064,854,25.0
55079,856,25.0
55094,863,25.0
55109,859,25.0
55124,861,25.0
55139,867,25.0
55154,860,25.0
55169,867,25.0
55184,868,25.0
55199,873,25.0
55214,880,25.0
55229,883,25.0
55245,883,25.0
55260,884,25.0
55275,882,25.0
55290,892,25.0
55305,894,25.0
55320,897,25.0
55335,896,25.0
55350,902,25.0
55365,907,25.0
55380,902,25.0
55395,912,25.0
55410,914,25.0
55425,910,25.0
55440,913,25.0
55455,921,25.0
55470,930,25.0
55485,930,25.0
55501,929,25.0
55516,939,25.0
55531,936,25.0
55546,934,25.0
55561,942,25.0
55576,941,25.0
55591,942,25.0
55606,950,25.0
55621,946,25.0
55636,945,25.0
55651,952,25.0
55666,958,25.0
55681,963,25.0
55696,965,25.0
55711,975,25.0
55726,979,25.0
55742,980,25.0
55757,992,25.0
55772,994,25.0
55787,1003,25.0
55802,1006,25.0
55817,1009,25.0
55832,1014,25.0
55847,1020,25.0
55862,1023,25.0
55877,1023,25.0
55892,1023,25.0
55907,1023,25.0
55922,1023,25.0
55937,1023,25.0
55952,1023,25.0
55967,1023,25.0
55982,1023,25.0
55998,1023,25.0
56013,1023,25.0
56028,1023,25.0
56043,1023,25.0
56058,1023,25.0
56073,1023,25.0
56088,1023,25.0
56103,1023,25.0
56118,1023,25.0
56133,1023,25.0
56148,1023,25.0
56163,1023,25.0
56178,1023,25.0
56193,1023,25.0
56208,1023,25.0
56223,1023,25.0
56238,1023,25.0
56254,1023,25.0
56269,1023,25.0
56284,1023,25.0
56299,1023,25.0
56314,1023,25.0
56329,1023,25.0
56344,1023,25.0
56359,1023,25.0
56374,1023,25.0
56389,1023,25.0
56404,1023,25.0
56419,1023,25.0
56434,1023,25.0
56449,1023,25.0
56464,1023,25.0
56479,1023,25.0
56495,1023,25.0
56510,1023,25.0
56525,1023,25.0
56540,1023,25.0
56555,1023,25.0
56570,1023,25.0
56585,1023,25.0
56600,1023,25.0
56615,1023,25.0
56630,1023,25.0
56645,1023,25.0
56660,1023,25.0
56675,1023,25.0
56690,1023,25.0
56705,1023,25.0
56720,1023,25.0
56735,1023,25.0
56751,1023,25.0
56766,1023,25.0
56781,1023,25.0
56796,1023,25.0
56811,1023,25.0
56826,1023,25.0
56841,1023,25.0
56856,1023,25.0
56871,1023,25.0
56886,1023,25.0
56901,1023,25.0
56916,1023,25.0
56931,1023,25.0
56946,1023,25.0
56961,1023,25.0
56976,1023,25.0
56991,1023,25.0
57007,1023,25.0
57022,1023,25.0
57037,1023,25.0
57052,1023,25.0
57067,1023,25.0
57082,1023,25.0
57097,1023,25.0
57112,1023,25.0
57127,1023,25.0
57142,1023,25.0
57157,1023,25.0
57172,1023,25.0
57187,1023,25.0
57202,1023,25.0
57217,1023,25.0
57232,1023,25.0
57248,1023,25.0
57263,1023,25.0
57278,1023,25.0
57293,1023,25.0
57308,1023,25.0
57323,1023,25.0
57338,1023,25.0
57353,1023,25.0
57368,1023,25.0
57383,1023,25.0
57398,1023,25.0
57413,1023,25.0
57428,1023,25.0
57443,1023,25.0
57458,1023,25.0
57473,1023,25.0
57488,1023,25.0
57504,1023,25.0
57519,1023,25.0
57534,1023,25.0
57549,1023,25.0
57564,1023,25.0
57579,1023,25.0
57594,1022,25.0
57609,1023,25.0
57624,1023,25.0
57639,1023,25.0
57654,1022,25.0
57669,1023,25.0
57684,1015,25.0
57699,1011,25.0
57714,1014,25.0
57729,1011,25.0
57744,1006,25.0
57760,1000,25.0
57775,1004,25.0
57790,983,25.0
57805,974,25.0
57820,973,25.0
57835,967,25.0
57850,973,25.0
57865,971,25.0
57880,967,25.0
57895,962,25.0
57910,956,25.0
57925,963,25.0
57940,956,25.0
57955,949,25.0
57970,959,25.0
57985,953,25.0
58001,952,25.0
58016,945,25.0
58031,945,25.0
58046,943,25.0
58061,945,25.0
58076,941,25.0
58091,940,25.0
58106,938,25.0
58121,937,25.0
58136,927,25.0
58151,925,25.0
58166,931,25.0
58181,930,25.0
58196,921,25.0
58211,930,25.0
58226,924,25.0
58241,916,25.0
58257,913,25.0
58272,914,25.0
58287,907,25.0
58302,915,25.0
58317,908,25.0
58332,901,25.0
58347,904,25.0
58362,895,25.0
58377,897,25.0
58392,899,25.0
58407,897,25.0
58422,894,25.0
58437,892,25.0
58452,888,25.0
58467,894,25.0
58482,885,25.0
58497,887,25.0
58513,886,25.0
58528,889,25.0
58543,883,25.0
58558,879,25.0
58573,883,25.0
58588,879,25.0
58603,873,25.0
58618,877,25.0
58633,871,25.0
58648,869,25.0
58663,869,25.0
58678,872,25.0
58693,863,25.0
58708,874,25.0
58723,862,25.0
58738,860,25.0
58754,864,25.0
58769,864,25.0
58784,860,25.0
58799,863,25.0
58814,859,25.0
58829,862,25.0
58844,852,25.0
58859,847,25.0
58874,852,25.0
58889,850,25.0
58904,844,25.0
58919,847,25.0
58934,845,25.0
58949,836,25.0
58964,839,25.0
58979,843,25.0
58994,835,25.0
59010,831,25.0
59025,827,25.0
59040,830,25.0
59055,828,25.0
59070,830,25.0
59085,822,25.0
59100,826,25.0
59115,826,25.0
59130,828,25.0
59145,825,25.0
59160,822,25.0
59175,823,25.0
59190,819,25.0
59205,812,25.0
59220,815,25.0
59235,817,25.0
59250,815,25.0
59266,815,25.0
59281,808,25.0
59296,803,25.0
59311,810,25.0
59326,811,25.0
59341,802,25.0
59356,797,25.0
59371,799,25.0
59386,800,25.0
59401,788,25.0
59416,795,25.0
59431,789,25.0
59446,787,25.0
59461,782,25.0
59476,787,25.0
59491,790,25.0
59507,787,25.0
59522,783,25.0
59537,782,25.0
59552,781,25.0
59567,776,25.0
59582,773,25.0
59597,771,25.0
59612,770,25.0
59627,766,25.0
59642,766,25.0
59657,764,25.0
59672,762,25.0
59687,764,25.0
59702,760,25.0
59717,760,25.0
59732,753,25.0
59747,754,25.0
59763,758,25.0
59778,748,25.0
59793,740,25.0
59808,743,25.0
59823,738,25.0
59838,739,25.0
59853,739,25.0
59868,735,25.0
59883,736,25.0
59898,729,25.0
59913,727,25.0
59928,729,25.0
59943,731,25.0
59958,732,25.0
59973,728,25.0
59988,728,25.0
60003,721,25.0
60019,720,25.0
60034,719,25.0
60049,721,25.0
60064,715,25.0
60079,704,25.0
60094,707,25.0
60109,707,25.0
60124,702,25.0
60139,700,25.0
60154,701,25.0
60169,700,25.0
60184,702,25.0
60199,697,25.0
60214,696,25.0
60229,697,25.0
60244,688,25.0
60260,731,25.0
60275,737,25.0
60290,743,25.0
60305,745,25.0
60320,749,25.0
60335,748,25.0
60350,756,25.0
60365,756,25.0
60380,752,25.0
60395,760,25.0
60410,759,25.0
60425,766,25.0
60440,766,25.0
60455,769,25.0
60470,771,25.0
60485,770,25.0
60500,767,25.0
60516,775,25.0
60531,777,25.0
60546,778,25.0
60561,783,25.0
60576,780,25.0
60591,785,25.0
60606,790,25.0
60621,792,25.0
60636,794,25.0
60651,797,25.0
60666,794,25.0
60681,796,25.0
60696,802,25.0
60711,799,25.0
60726,796,25.0
60741,804,25.0
60756,807,25.0
60772,807,25.0
60787,807,25.0
60802,815,25.0
60817,812,25.0
60832,807,25.0
60847,815,25.0
60862,819,25.0
60877,815,25.0
60892,822,25.0
60907,820,25.0
60922,814,25.0
60937,822,25.0
60952,817,25.0
60967,822,25.0
60982,824,25.0
60997,827,25.0
61013,828,25.0
61028,829,25.0
61043,833,25.0
61058,836,25.0
61073,830,25.0
61088,830,25.0
61103,840,25.0
61118,838,25.0
61133,844,25.0
61148,849,25.0
61163,851,25.0
61178,847,25.0
61193,849,25.0
61208,856,25.0
61223,864,25.0
61238,865,25.0
61253,867,25.0
61269,868,25.0
61284,870,25.0
61299,875,25.0
61314,875,25.0
61329,871,25.0
61344,879,25.0
61359,878,25.0
61374,879,25.0
61389,888,25.0
61404,888,25.0
61419,894,25.0
61434,894,25.0
61449,888,25.0
61464,889,25.0
61479,897,25.0
61494,903,25.0
61509,902,25.0
61525,902,25.0
61540,907,25.0
61555,916,25.0
61570,911,25.0
61585,920,25.0
61600,921,25.0
61615,916,25.0
61630,923,25.0
61645,919,25.0
61660,924,25.0
61675,932,25.0
61690,925,25.0
61705,929,25.0
61720,939,25.0
61735,935,25.0
61750,940,25.0
61766,941,25.0
61781,947,25.0
61796,947,25.0
61811,944,25.0
61826,952,25.0
61841,953,25.0
61856,964,25.0
61871,968,25.0
61886,966,25.0
61901,978,25.0
61916,986,25.0
61931,998,25.0
61946,1000,25.0
61961,995,25.0
61976,1007,25.0
61991,1014,25.0
62006,1016,25.0
62022,1022,25.0
62037,1023,25.0
62052,1023,25.0
62067,1023,25.0
62082,1023,25.0
62097,1023,25.0
62112,1023,25.0
62127,1023,25.0
62142,1023,25.0
62157,1023,25.0
62172,1023,25.0
62187,1023,25.0
62202,1023,25.0
62217,1023,25.0
62232,1023,25.0
62247,1023,25.0
62262,1023,25.0
62278,1023,25.0
62293,1023,25.0
62308,1023,25.0
62323,1023,25.0
62338,1023,25.0
62353,1023,25.0
62368,1023,25.0
62383,1023,25.0
62398,1023,25.0
62413,1023,25.0
62428,1023,25.0
62443,1023,25.0
62458,1023,25.0
62473,1023,25.0
62488,1023,25.0
62503,1023,25.0
62519,1023,25.0
62534,1023,25.0
62549,1023,25.0
62564,1023,25.0
62579,1023,25.0
62594,1023,25.0
62609,1023,25.0
62624,1023,25.0
62639,1023,25.0
62654,1023,25.0
62669,1023,25.0
62684,1023,25.0
62699,1023,25.0
62714,1023,25.0
62729,1023,25.0
62744,1023,25.0
62759,1023,25.0
62775,1023,25.0
62790,1023,25.0
62805,1023,25.0
62820,1023,25.0
62835,1023,25.0
62850,1023,25.0
62865,1023,25.0
62880,1023,25.0
62895,1023,25.0
62910,1023,25.0
62925,1023,25.0
62940,1023,25.0
62955,1023,25.0
62970,1023,25.0
62985,1023,25.0
63000,1023,25.0
63015,1023,25.0
63031,1023,25.0
63046,1023,25.0
63061,1023,25.0
63076,1023,25.0
63091,1023,25.0
63106,1023,25.0
63121,1023,25.0
63136,1023,25.0
63151,1023,25.0
63166,1023,25.0
63181,1023,25.0
63196,1023,25.0
63211,1023,25.0
63226,1023,25.0
63241,1023,25.0
63256,1023,25.0
63272,1023,25.0
63287,1023,25.0
63302,1023,25.0
63317,1023,25.0
63332,1023,25.0
63347,1023,25.0
63362,1023,25.0
63377,1023,25.0
63392,1023,25.0
63407,1023,25.0
63422,1023,25.0
63437,1023,25.0
63452,1023,25.0
63467,1023,25.0
63482,1023,25.0
63497,1023,25.0
63512,1023,25.0
63528,1023,25.0
63543,1023,25.0
63558,1023,25.0
63573,1023,25.0
63588,1023,25.0
63603,1023,25.0
63618,1023,25.0
63633,1023,25.0
63648,1023,25.0
63663,1023,25.0
63678,1023,25.0
63693,1023,25.0
63708,1023,25.0
63723,1023,25.0
63738,1023,25.0
63753,1023,25.0
63768,1020,25.0
63784,1023,25.0
63799,1023,25.0
63814,1020,25.0
63829,1016,25.0
63844,1011,25.0
63859,1016,25.0
63874,1011,25.0
63889,1011,25.0
63904,1008,25.0
63919,992,25.0
63934,975,25.0
63949,977,25.0
63964,976,25.0
63979,975,25.0
63994,969,25.0
64009,969,25.0
64025,963,25.0
64040,962,25.0
64055,963,25.0
64070,959,25.0
64085,960,25.0
64100,956,25.0
64115,955,25.0
64130,957,25.0
64145,947,25.0
64160,950,25.0
64175,950,25.0
64190,942,25.0
64205,943,25.0
64220,942,25.0
64235,944,25.0
64250,937,25.0
64265,931,25.0
64281,935,25.0
64296,931,25.0
64311,929,25.0
64326,934,25.0
64341,926,25.0
64356,920,25.0
64371,926,25.0
64386,917,25.0
64401,917,25.0
64416,921,25.0
64431,913,25.0
64446,914,25.0
64461,916,25.0
64476,907,25.0
64491,904,25.0
64506,909,25.0
64521,899,25.0
64537,897,25.0
64552,903,25.0
64567,902,25.0
64582,892,25.0
64597,894,25.0
64612,895,25.0
64627,894,25.0
64642,892,25.0
64657,892,25.0
64672,886,25.0
64687,884,25.0
64702,880,25.0
64717,884,25.0
64732,883,25.0
64747,884,25.0
64762,880,25.0
64778,878,25.0
64793,877,25.0
64808,867,25.0
64823,871,25.0
64838,877,25.0
64853,870,25.0
64868,864,25.0
64883,863,25.0
64898,865,25.0
64913,863,25.0
64928,860,25.0
64943,851,25.0
64958,860,25.0
64973,863,25.0
64988,857,25.0
65003,857,25.0
65018,852,25.0
65034,854,25.0
65049,845,25.0
65064,844,25.0
65079,848,25.0
65094,843,25.0
65109,841,25.0
65124,851,25.0
65139,844,25.0
65154,839,25.0
65169,836,25.0
65184,829,25.0
65199,833,25.0
65214,834,25.0
65229,835,25.0
65244,828,25.0
65259,831,25.0
65274,828,25.0
65290,819,25.0
65305,824,25.0
65320,822,25.0
65335,824,25.0
65350,814,25.0
65365,818,25.0
65380,825,25.0
65395,815,25.0
65410,809,25.0
65425,812,25.0
65440,812,25.0
65455,809,25.0
65470,807,25.0
65485,811,25.0
65500,803,25.0
65515,796,25.0
65531,804,25.0
65546,796,25.0
65561,801,25.0
65576,796,25.0
65591,788,25.0
65606,793,25.0
65621,796,25.0
65636,792,25.0
65651,783,25.0
65666,787,25.0
65681,785,25.0
65696,790,25.0
65711,783,25.0
65726,776,25.0
65741,775,25.0
65756,777,25.0
65771,766,25.0
65787,768,25.0
65802,768,25.0
65817,770,25.0
65832,763,25.0
65847,765,25.0
65862,765,25.0
65877,759,25.0
65892,756,25.0
65907,749,25.0
65922,756,25.0
65937,750,25.0
65952,748,25.0
65967,753,25.0
65982,740,25.0
65997,738,25.0
66012,741,25.0
66027,739,25.0
66043,735,25.0
66058,732,25.0
66073,736,25.0
66088,735,25.0
66103,728,25.0
66118,721,25.0
66133,730,25.0
66148,719,25.0
66163,719,25.0
66178,723,25.0
66193,711,25.0
66208,713,25.0
66223,716,25.0
66238,713,25.0
66253,718,25.0
66268,708,25.0
66284,702,25.0
66299,711,25.0
66314,707,25.0
66329,701,25.0
66344,702,25.0
66359,692,25.0
66374,699,25.0
66389,696,25.0
66404,687,25.0
66419,695,25.0
66434,696,25.0
66449,684,25.0
66464,679,25.0
66479,683,25.0
66494,674,25.0
66509,675,25.0
66524,671,25.0
66540,662,25.0
66555,664,25.0
66570,668,25.0
66585,663,25.0
66600,659,25.0
66615,657,25.0
66630,657,25.0
66645,645,25.0
66660,643,25.0
66675,644,25.0
66690,634,25.0
66705,635,25.0
66720,630,25.0
66735,630,25.0
66750,625,25.0
66765,619,25.0
66780,609,25.0
66796,612,25.0
66811,599,25.0
66826,599,25.0
66841,604,25.0
66856,595,25.0
66871,588,25.0
66886,592,25.0
66901,588,25.0
66916,577,25.0
66931,563,25.0
66946,571,25.0
66961,563,25.0
66976,562,25.0
66991,553,25.0
67006,553,25.0
67021,551,25.0
67037,540,25.0
67052,540,25.0
67067,536,25.0
67082,532,25.0
67097,527,25.0
67112,527,25.0
67127,521,25.0
67142,519,25.0
67157,509,25.0
67172,508,25.0
67187,502,25.0
67202,505,25.0
67217,499,25.0
67232,499,25.0
67247,496,25.0
67262,484,25.0
67277,487,25.0
67293,483,25.0
67308,481,25.0
67323,480,25.0
67338,472,25.0
67353,462,25.0
67368,467,25.0
67383,463,25.0
67398,467,25.0
67413,457,25.0
67428,456,25.0
67443,448,25.0
67458,455,25.0
67473,444,25.0
67488,438,25.0
67503,438,25.0
67518,440,25.0
67533,428,25.0
67549,430,25.0
67564,425,25.0
67579,425,25.0
67594,423,25.0
67609,419,25.0
67624,415,25.0
67639,415,25.0
67654,408,25.0
67669,412,25.0
67684,409,25.0
67699,407,25.0
67714,399,25.0
67729,403,25.0
67744,398,25.0
67759,399,25.0
67774,399,25.0
67790,391,25.0
67805,391,25.0
67820,385,25.0
67835,381,25.0
67850,384,25.0
67865,385,25.0
67880,379,25.0
67895,380,25.0
67910,374,25.0
67925,368,25.0
67940,364,25.0
67955,368,25.0
67970,368,25.0
67985,361,25.0
68000,356,25.0
68015,360,25.0
68030,351,25.0
68046,351,25.0
68061,351,25.0
68076,351,25.0
68091,350,25.0
68106,340,25.0
68121,343,25.0
68136,342,25.0
68151,334,25.0
68166,327,25.0
68181,334,25.0
68196,326,25.0
68211,328,25.0
68226,326,25.0
68241,324,25.0
68256,318,25.0
68271,318,25.0
68286,315,25.0
68302,305,25.0
68317,312,25.0
68332,309,25.0
68347,305,25.0
68362,300,25.0
68377,298,25.0
68392,303,25.0
68407,291,25.0
68422,294,25.0
68437,295,25.0
68452,292,25.0
68467,289,25.0
68482,283,25.0
68497,286,25.0
68512,277,25.0
68527,271,25.0
68543,273,25.0
68558,268,25.0
68573,263,25.0
68588,265,25.0
68603,263,25.0
68618,258,25.0
68633,262,25.0
68648,257,25.0
68663,255,25.0
68678,251,25.0
68693,248,25.0
68708,244,25.0
68723,245,25.0
68738,237,25.0
68753,238,25.0
68768,235,25.0
68783,231,25.0
68799,231,25.0
68814,231,25.0
68829,231,25.0
68844,225,25.0
68859,217,25.0
68874,216,25.0
68889,209,25.0
68904,211,25.0
68919,211,25.0
68934,207,25.0
68949,209,25.0
68964,203,25.0
68979,202,25.0
68994,200,25.0
69009,204,25.0
69024,196,25.0
69039,195,25.0
69055,187,25.0
69070,193,25.0
69085,189,25.0
69100,184,25.0
69115,192,25.0
69130,191,25.0
69145,192,25.0
69160,184,25.0
69175,176,25.0
69190,186,25.0
69205,188,25.0
69220,184,25.0
69235,177,25.0
69250,177,25.0
69265,177,25.0
69280,176,25.0
69296,177,25.0
69311,175,25.0
69326,169,25.0
69341,172,25.0
69356,167,25.0
69371,167,25.0
69386,167,25.0
69401,157,25.0
69416,162,25.0
69431,157,25.0
69446,163,25.0
69461,156,25.0
69476,145,25.0
69491,153,25.0
69506,149,25.0
69521,147,25.0
69536,143,25.0
69552,135,25.0
69567,143,25.0
69582,140,25.0
69597,141,25.0
69612,133,25.0
69627,124,25.0
69642,128,25.0
69657,127,25.0
69672,128,25.0
69687,120,25.0
69702,121,25.0
69717,117,25.0
69732,116,25.0
69747,115,25.0
69762,113,25.0
69777,104,25.0
69792,111,25.0
69808,107,25.0
69823,99,25.0
69838,99,25.0
69853,99,25.0
69868,94,25.0
69883,96,25.0
69898,89,25.0
69913,89,25.0
69928,87,25.0
69943,83,25.0
69958,86,25.0
69973,78,25.0
69988,77,25.0
70003,76,25.0
70018,67,25.0
70033,71,25.0
70049,66,25.0
70064,67,25.0
70079,71,25.0
70094,60,25.0
70109,65,25.0
70124,63,25.0
70139,52,25.0
70154,54,25.0
70169,53,25.0
70184,51,25.0
70199,56,25.0
70214,56,25.0
70229,48,25.0
70244,40,25.0
70259,44,25.0
70274,35,25.0
70289,23,25.0
70305,12,25.0
70320,12,25.0
70335,9,25.0
70350,1,25.0
70365,2,25.0
70380,0,25.0
70395,0,25.0
70410,0,25.0
70425,0,25.0
70440,0,25.0
70455,0,25.0
70470,0,25.0
70485,0,25.0
70500,0,25.0
70515,0,25.0
70530,0,25.0
70545,0,25.0
70561,0,25.0
70576,0,25.0
70591,0,25.0
70606,0,25.0
70621,0,25.0
70636,0,25.0
70651,0,25.0
70666,0,25.0
70681,0,25.0
70696,0,25.0
70711,0,25.0
70726,0,25.0
70741,0,25.0
70756,0,25.0
70771,0,25.0
70786,0,25.0
70802,0,25.0
70817,0,25.0
70832,0,25.0
70847,0,25.0
70862,0,25.0
70877,0,25.0
70892,0,25.0
70907,0,25.0
70922,0,25.0
70937,0,25.0
70952,0,25.0
70967,0,25.0
70982,0,25.0
70997,0,25.0
71012,0,25.0
71027,0,25.0
71042,0,25.0
71058,0,25.0
71073,0,25.0
71088,0,25.0
71103,0,25.0
71118,0,25.0
71133,0,25.0
71148,0,25.0
71163,0,25.0
71178,0,25.0
71193,0,25.0
71208,0,25.0
71223,0,25.0
71238,0,25.0
71253,0,25.0
71268,0,25.0
71283,0,25.0
71298,0,25.0
71314,0,25.0
71329,0,25.0
71344,0,25.0
71359,0,25.0
71374,0,25.0
71389,0,25.0
71404,0,25.0
71419,0,25.0
71434,0,25.0
71449,0,25.0
71464,0,25.0
71479,0,25.0
71494,0,25.0
71509,0,25.0
71524,0,25.0
71539,0,25.0
71555,0,25.0
71570,0,25.0
71585,0,25.0
71600,0,25.0
71615,0,25.0
71630,0,25.0
71645,0,25.0
71660,0,25.0
71675,0,25.0
71690,0,25.0
71705,0,25.0
71720,0,25.0
71735,0,25.0
71750,0,25.0
71765,0,25.0
71780,0,25.0
71795,0,25.0
71811,0,25.0
71826,0,25.0
71841,0,25.0
71856,0,25.0
71871,0,25.0
71886,0,25.0
71901,0,25.0
71916,0,25.0
71931,0,25.0
71946,0,25.0
71961,0,25.0
71976,0,25.0
71991,0,25.0
72006,0,25.0
72021,0,25.0
72036,0,25.0
72051,0,25.0
72067,0,25.0
72082,0,25.0
72097,0,25.0
72112,0,25.0
72127,0,25.0
72142,0,25.0
72157,0,25.0
72172,0,25.0
72187,0,25.0
72202,0,25.0
72217,0,25.0
72232,0,25.0
72247,0,25.0
72262,1,25.0
72277,6,25.0
72292,8,25.0
72308,579,25.0
72323,579,25.0
72338,585,25.0
72353,581,25.0
72368,591,25.0
72383,590,25.0
72398,588,25.0
72413,598,25.0
72428,600,25.0
72443,594,25.0
72458,601,25.0
72473,608,25.0
72488,601,25.0
72503,609,25.0
72518,605,25.0
72533,611,25.0
72548,613,25.0
72563,614,25.0
72578,616,25.0
72593,612,25.0
72609,625,25.0
72624,625,25.0
72639,622,25.0
72654,628,25.0
72669,630,25.0
72684,638,25.0
72699,637,25.0
72714,644,25.0
72729,649,25.0
72744,647,25.0
72759,643,25.0
72774,652,25.0
72789,660,25.0
72804,655,25.0
72819,655,25.0
72834,665,25.0
72849,662,25.0
72864,664,25.0
72879,667,25.0
72894,673,25.0
72910,668,25.0
72925,674,25.0
72940,675,25.0
72955,675,25.0
72970,681,25.0
72985,686,25.0
73000,686,25.0
73015,685,25.0
73030,689,25.0
73045,695,25.0
73060,688,25.0
73075,696,25.0
73090,697,25.0
73105,696,25.0
73120,707,25.0
73135,709,25.0
73150,708,25.0
73165,711,25.0
73180,717,25.0
73195,723,25.0
73211,721,25.0
73226,723,25.0
73241,728,25.0
73256,734,25.0
73271,735,25.0
73286,736,25.0
73301,742,25.0
73316,743,25.0
73331,750,25.0
73346,747,25.0
73361,747,25.0
73376,755,25.0
73391,753,25.0
73406,755,25.0
73421,760,25.0
73436,766,25.0
73451,768,25.0
73466,763,25.0
73481,771,25.0
73496,771,25.0
73512,773,25.0
73527,772,25.0
73542,777,25.0
73557,776,25.0
73572,783,25.0
73587,783,25.0
73602,788,25.0
73617,796,25.0
73632,795,25.0
73647,792,25.0
73662,796,25.0
73677,792,25.0
73692,800,25.0
73707,801,25.0
73722,793,25.0
73737,807,25.0
73752,803,25.0
73767,807,25.0
73782,812,25.0
73797,812,25.0
73813,819,25.0
73828,812,25.0
73843,812,25.0
73858,820,25.0
73873,819,25.0
73888,819,25.0
73903,819,25.0
73918,823,25.0
73933,824,25.0
73948,825,25.0
73963,828,25.0
73978,822,25.0
73993,831,25.0
74008,825,25.0
74023,831,25.0
74038,831,25.0
74053,828,25.0
74068,835,25.0
74083,835,25.0
74098,834,25.0
74114,841,25.0
74129,839,25.0
74144,835,25.0
74159,840,25.0
74174,845,25.0
74189,850,25.0
74204,847,25.0
74219,848,25.0
74234,852,25.0
74249,858,25.0
74264,856,25.0
74279,852,25.0
74294,862,25.0
74309,863,25.0
74324,871,25.0
74339,876,25.0
74354,878,25.0
74369,881,25.0
74384,883,25.0
74399,886,25.0
74415,886,25.0
74430,888,25.0
74445,888,25.0
74460,893,25.0
74475,893,25.0
74490,897,25.0
74505,902,25.0
74520,902,25.0
74535,899,25.0
74550,907,25.0
74565,910,25.0
74580,905,25.0
74595,915,25.0
74610,919,25.0
74625,916,25.0
74640,921,25.0
74655,927,25.0
74670,923,25.0
74685,930,25.0
74700,935,25.0
74716,927,25.0
74731,935,25.0
74746,940,25.0
74761,937,25.0
74776,944,25.0
74791,945,25.0
74806,945,25.0
74821,949,25.0
74836,951,25.0
74851,952,25.0
74866,963,25.0
74881,968,25.0
74896,970,25.0
74911,982,25.0
74926,983,25.0
74941,989,25.0
74956,995,25.0
74971,1003,25.0
74986,1008,25.0
75001,1012,25.0
75017,1018,25.0
75032,1022,25.0
75047,1023,25.0
75062,1023,25.0
75077,1023,25.0
75092,1023,25.0
75107,1023,25.0
75122,1023,25.0
75137,1023,25.0
75152,1023,25.0
75167,1023,25.0
75182,1023,25.0
75197,1023,25.0
75212,1023,25.0
75227,1023,25.0
75242,1023,25.0
75257,1023,25.0
75272,1023,25.0
75287,1023,25.0
75302,1023,25.0
75318,1023,25.0
75333,1023,25.0
75348,1023,25.0
75363,1023,25.0
75378,1023,25.0
75393,1023,25.0
75408,1023,25.0
75423,1023,25.0
75438,1023,25.0
75453,1023,25.0
75468,1023,25.0
75483,1023,25.0
75498,1023,25.0
75513,1023,25.0
75528,1023,25.0
75543,1023,25.0
75558,1023,25.0
75573,1023,25.0
75588,1023,25.0
75603,1023,25.0
75619,1023,25.0
75634,1023,25.0
75649,1023,25.0
75664,1023,25.0
75679,1023,25.0
75694,1023,25.0
75709,1023,25.0
75724,1023,25.0
75739,1023,25.0
75754,1023,25.0
75769,1023,25.0
75784,1023,25.0
75799,1023,25.0
75814,1023,25.0
75829,1023,25.0
75844,1023,25.0
75859,1023,25.0
75874,1023,25.0
75889,1023,25.0
75904,1023,25.0
75920,1023,25.0
75935,1023,25.0
75950,1023,25.0
75965,1023,25.0
75980,1023,25.0
75995,1023,25.0
76010,1023,25.0
76025,1023,25.0
76040,1023,25.0
76055,1023,25.0
76070,1023,25.0
76085,1023,25.0
76100,1023,25.0
76115,1023,25.0
76130,1023,25.0
76145,1023,25.0
76160,1023,25.0
76175,1023,25.0
76190,1023,25.0
76205,1023,25.0
76221,1023,25.0
76236,1023,25.0
76251,1023,25.0
76266,1023,25.0
76281,1023,25.0
76296,1023,25.0
76311,1023,25.0
76326,1023,25.0
76341,1023,25.0
76356,1023,25.0
76371,1023,25.0
76386,1023,25.0
76401,1023,25.0
76416,1023,25.0
76431,1023,25.0
76446,1023,25.0
76461,1023,25.0
76476,1023,25.0
76491,1023,25.0
76506,1023,25.0
76522,1023,25.0
76537,1023,25.0
76552,1023,25.0
76567,1023,25.0
76582,1023,25.0
76597,1023,25.0
76612,1023,25.0
76627,1023,25.0
76642,1023,25.0
76657,1023,25.0
76672,1023,25.0
76687,1023,25.0
76702,1023,25.0
76717,1023,25.0
76732,1023,25.0
76747,1023,25.0
76762,1023,25.0
76777,1023,25.0
76792,1023,25.0
76807,1023,25.0
76823,1017,25.0
76838,1019,25.0
76853,1019,25.0
76868,1017,25.0
76883,1014,25.0
76898,1008,25.0
76913,1014,25.0
76928,1011,25.0
76943,992,25.0
76958,984,25.0
76973,975,25.0
76988,979,25.0
77003,978,25.0
77018,968,25.0
77033,968,25.0
77048,966,25.0
77063,967,25.0
77078,960,25.0
77093,959,25.0
77108,964,25.0
77124,960,25.0
77139,952,25.0
77154,955,25.0
77169,953,25.0
77184,947,25.0
77199,945,25.0
77214,946,25.0
77229,944,25.0
77244,939,25.0
77259,937,25.0
77274,932,25.0
77289,934,25.0
77304,931,25.0
77319,925,25.0
77334,927,25.0
77349,927,25.0
77364,921,25.0
77379,924,25.0
77394,920,25.0
77409,920,25.0
77425,920,25.0
77440,920,25.0
77455,908,25.0
77470,907,25.0
77485,905,25.0
77500,908,25.0
77515,897,25.0
77530,899,25.0
77545,899,25.0
77560,895,25.0
77575,893,25.0
77590,899,25.0
77605,889,25.0
77620,892,25.0
77635,893,25.0
77650,897,25.0
77665,890,25.0
77680,885,25.0
77695,876,25.0
77710,883,25.0
77726,878,25.0
77741,877,25.0
77756,877,25.0
77771,876,25.0
77786,871,25.0
77801,872,25.0
77816,867,25.0
77831,873,25.0
77846,876,25.0
77861,869,25.0
77876,867,25.0
77891,861,25.0
77906,865,25.0
77921,863,25.0
77936,860,25.0
77951,864,25.0
77966,859,25.0
77981,856,25.0
77996,856,25.0
78011,856,25.0
78027,857,25.0
78042,851,25.0
78057,854,25.0
78072,847,25.0
78087,847,25.0
78102,844,25.0
78117,837,25.0
78132,843,25.0
78147,844,25.0
78162,838,25.0
78177,845,25.0
78192,841,25.0
78207,839,25.0
78222,829,25.0
78237,833,25.0
78252,839,25.0
78267,829,25.0
78282,825,25.0
78297,827,25.0
78312,828,25.0
78328,822,25.0
78343,817,25.0
78358,823,25.0
78373,824,25.0
78388,807,25.0
78403,820,25.0
78418,813,25.0
78433,817,25.0
78448,807,25.0
78463,812,25.0
78478,811,25.0
78493,811,25.0
78508,809,25.0
78523,806,25.0
78538,807,25.0
78553,801,25.0
78568,796,25.0
78583,789,25.0
78598,795,25.0
78613,796,25.0
78629,792,25.0
78644,787,25.0
78659,790,25.0
78674,792,25.0
78689,785,25.0
78704,781,25.0
78719,779,25.0
78734,779,25.0
78749,773,25.0
78764,769,25.0
78779,766,25.0
78794,774,25.0
78809,768,25.0
78824,759,25.0
78839,768,25.0
78854,764,25.0
78869,759,25.0
78884,752,25.0
78899,758,25.0
78914,758,25.0
78930,748,25.0
78945,755,25.0
78960,755,25.0
78975,752,25.0
78990,751,25.0
79005,750,25.0
79020,748,25.0
79035,749,25.0
79050,743,25.0
79065,736,25.0
79080,739,25.0
79095,735,25.0
79110,728,25.0
79125,731,25.0
79140,728,25.0
79155,723,25.0
79170,724,25.0
79185,718,25.0
79200,724,25.0
79215,723,25.0
79231,715,25.0
79246,713,25.0
79261,718,25.0
79276,711,25.0
79291,711,25.0
79306,715,25.0
79321,704,25.0
79336,707,25.0
79351,701,25.0
79366,705,25.0
79381,696,25.0
79396,696,25.0
79411,700,25.0
79426,696,25.0
79441,700,25.0
79456,684,25.0
79471,688,25.0
79486,679,25.0
79501,683,25.0
79516,675,25.0
79532,668,25.0
79547,668,25.0
79562,664,25.0
79577,657,25.0
79592,659,25.0
79607,648,25.0
79622,655,25.0
79637,652,25.0
79652,642,25.0
79667,643,25.0
79682,647,25.0
79697,643,25.0
79712,635,25.0
79727,627,25.0
79742,632,25.0
79757,628,25.0
79772,620,25.0
79787,615,25.0
79802,611,25.0
79817,608,25.0
79833,606,25.0
79848,600,25.0
79863,600,25.0
79878,593,25.0
79893,591,25.0
79908,583,25.0
79923,580,25.0
79938,575,25.0
79953,571,25.0
79968,568,25.0
79983,562,25.0
79998,558,25.0
80013,554,25.0
80028,547,25.0
80043,543,25.0
80058,545,25.0
80073,540,25.0
80088,536,25.0
80103,531,25.0
80118,529,25.0
80134,531,25.0
80149,519,25.0
80164,515,25.0
80179,518,25.0
80194,515,25.0
80209,505,25.0
80224,507,25.0
80239,497,25.0
80254,499,25.0
80269,489,25.0
80284,487,25.0
80299,486,25.0
80314,477,25.0
80329,478,25.0
80344,473,25.0
80359,472,25.0
80374,472,25.0
80389,465,25.0
80404,460,25.0
80419,460,25.0
80435,459,25.0
80450,454,25.0
80465,451,25.0
80480,449,25.0
80495,448,25.0
80510,438,25.0
80525,436,25.0
80540,437,25.0
80555,431,25.0
80570,423,25.0
80585,423,25.0
80600,428,25.0
80615,422,25.0
80630,417,25.0
80645,416,25.0
80660,415,25.0
80675,409,25.0
80690,408,25.0
80705,407,25.0
80720,401,25.0
80736,402,25.0
80751,401,25.0
80766,398,25.0
80781,391,25.0
80796,391,25.0
80811,391,25.0
80826,380,25.0
80841,387,25.0
80856,387,25.0
80871,380,25.0
80886,376,25.0
80901,377,25.0
80916,376,25.0
80931,377,25.0
80946,371,25.0
80961,376,25.0
80976,368,25.0
80991,364,25.0
81006,367,25.0
81021,359,25.0
81037,363,25.0
81052,355,25.0
81067,359,25.0
81082,353,25.0
81097,345,25.0
81112,351,25.0
81127,342,25.0
81142,337,25.0
81157,340,25.0
81172,335,25.0
81187,327,25.0
81202,331,25.0
81217,333,25.0
81232,321,25.0
81247,319,25.0
81262,319,25.0
81277,316,25.0
81292,308,25.0
81307,304,25.0
81322,310,25.0
81338,304,25.0
81353,300,25.0
81368,304,25.0
81383,300,25.0
81398,301,25.0
81413,297,25.0
81428,286,25.0
81443,289,25.0
81458,288,25.0
81473,287,25.0
81488,285,25.0
81503,281,25.0
81518,275,25.0
81533,273,25.0
81548,263,25.0
81563,265,25.0
81578,265,25.0
81593,268,25.0
81608,262,25.0
81623,255,25.0
81639,253,25.0
81654,254,25.0
81669,253,25.0
81684,243,25.0
81699,247,25.0
81714,239,25.0
81729,234,25.0
81744,240,25.0
81759,243,25.0
81774,236,25.0
81789,227,25.0
81804,227,25.0
81819,227,25.0
81834,224,25.0
81849,225,25.0
81864,226,25.0
81879,219,25.0
81894,219,25.0
81909,208,25.0
81924,211,25.0
81940,207,25.0
81955,204,25.0
81970,201,25.0
81985,206,25.0
82000,206,25.0
82015,202,25.0
82030,193,25.0
82045,192,25.0
82060,192,25.0
82075,185,25.0
82090,191,25.0
82105,183,25.0
82120,190,25.0
82135,185,25.0
82150,191,25.0
82165,184,25.0
82180,184,25.0
82195,180,25.0
82210,173,25.0
82225,178,25.0
82241,174,25.0
82256,179,25.0
82271,172,25.0
82286,171,25.0
82301,165,25.0
82316,169,25.0
82331,160,25.0
82346,165,25.0
82361,171,25.0
82376,167,25.0
82391,163,25.0
82406,159,25.0
82421,163,25.0
82436,158,25.0
82451,156,25.0
82466,156,25.0
82481,159,25.0
82496,156,25.0
82511,152,25.0
82526,148,25.0
82542,136,25.0
82557,140,25.0
82572,134,25.0
82587,133,25.0
82602,133,25.0
82617,133,25.0
82632,135,25.0
82647,129,25.0
82662,127,25.0
82677,123,25.0
82692,120,25.0
82707,115,25.0
82722,114,25.0
82737,116,25.0
82752,116,25.0
82767,115,25.0
82782,112,25.0
82797,105,25.0
82812,108,25.0
82827,96,25.0
82843,99,25.0
82858,94,25.0
82873,93,25.0
82888,97,25.0
82903,90,25.0
82918,93,25.0
82933,88,25.0
82948,82,25.0
82963,77,25.0
82978,68,25.0
82993,73,25.0
83008,76,25.0
83023,76,25.0
83038,71,25.0
83053,65,25.0
83068,73,25.0
83083,63,25.0
83098,60,25.0
83113,64,25.0
83128,60,25.0
83144,58,25.0
83159,60,25.0
83174,59,25.0
83189,51,25.0
83204,51,25.0
83219,48,25.0
83234,47,25.0
83249,47,25.0
83264,38,25.0
83279,29,25.0
83294,28,25.0
83309,27,25.0
83324,12,25.0
83339,13,25.0
83354,13,25.0
83369,1,25.0
83384,0,25.0
83399,0,25.0
83414,0,25.0
83429,0,25.0
83445,0,25.0
83460,0,25.0
83475,0,25.0
83490,0,25.0
83505,0,25.0
83520,0,25.0
83535,0,25.0
83550,0,25.0
83565,0,25.0
83580,0,25.0
83595,0,25.0
83610,0,25.0
83625,0,25.0
83640,0,25.0
83655,0,25.0
83670,0,25.0
83685,0,25.0
83700,0,25.0
83715,0,25.0
83730,0,25.0
83746,0,25.0
83761,0,25.0
83776,0,25.0
83791,0,25.0
83806,0,25.0
83821,0,25.0
83836,0,25.0
83851,0,25.0
83866,0,25.0
83881,0,25.0
83896,0,25.0
83911,0,25.0
83926,0,25.0
83941,0,25.0
83956,0,25.0
83971,0,25.0
83986,0,25.0
84001,0,25.0
84016,0,25.0
84031,0,25.0
84047,0,25.0
84062,0,25.0
84077,0,25.0
84092,0,25.0
84107,0,25.0
84122,0,25.0
84137,0,25.0
84152,0,25.0
84167,0,25.0
84182,0,25.0
84197,0,25.0
84212,0,25.0
84227,0,25.0
84242,0,25.0
84257,0,25.0
84272,0,25.0
84287,0,25.0
84302,0,25.0
84317,0,25.0
84332,0,25.0
84348,184,25.0
84363,175,25.0
84378,179,25.0
84393,184,25.0
84408,173,25.0
84423,177,25.0
84438,173,25.0
84453,172,25.0
84468,172,25.0
84483,172,25.0
84498,167,25.0
84513,166,25.0
84528,161,25.0
84543,162,25.0
84558,163,25.0
84573,161,25.0
84589,153,25.0
84604,147,25.0
84619,148,25.0
84634,151,25.0
84649,151,25.0
84664,145,25.0
84679,137,25.0
84694,139,25.0
84709,137,25.0
84724,135,25.0
84739,127,25.0
84754,132,25.0
84769,124,25.0
84784,124,25.0
84799,127,25.0
84815,113,25.0
84830,121,25.0
84845,117,25.0
84860,112,25.0
84875,105,25.0
84890,110,25.0
84905,99,25.0
84920,103,25.0
84935,105,25.0
84950,102,25.0
84965,96,25.0
84980,97,25.0
84995,97,25.0
85010,89,25.0
85025,95,25.0
85040,89,25.0
85056,78,25.0
85071,81,25.0
85086,82,25.0
85101,83,25.0
85116,84,25.0
85131,83,25.0
85146,73,25.0
85161,68,25.0
85176,67,25.0
85191,68,25.0
85206,70,25.0
85221,70,25.0
85236,60,25.0
85251,62,25.0
85266,60,25.0
85282,51,25.0
85297,44,25.0
85312,35,25.0
85327,29,25.0
85342,27,25.0
85357,28,25.0
85372,23,25.0
85387,15,25.0
85402,10,25.0
85417,11,25.0
85432,1,25.0
85447,0,25.0
85462,0,25.0
85477,0,25.0
85492,0,25.0
85508,0,25.0
85523,0,25.0
85538,0,25.0
85553,0,25.0
85568,0,25.0
85583,0,25.0
85598,0,25.0
85613,0,25.0
85628,0,25.0
85643,0,25.0
85658,0,25.0
85673,0,25.0
85688,0,25.0
85703,0,25.0
85718,0,25.0
85733,0,25.0
85749,0,25.0
85764,0,25.0
85779,0,25.0
85794,0,25.0
85809,0,25.0
85824,0,25.0
85839,0,25.0
85854,0,25.0
85869,0,25.0
85884,0,25.0
85899,0,25.0
85914,0,25.0
85929,0,25.0
85944,0,25.0
85959,0,25.0
85975,0,25.0
85990,0,25.0
86005,0,25.0
86020,0,25.0
86035,0,25.0
86050,0,25.0
86065,0,25.0
86080,0,25.0
86095,0,25.0
86110,0,25.0
86125,0,25.0
86140,0,25.0
86155,0,25.0
86170,0,25.0
86185,0,25.0
86200,0,25.0
86216,0,25.0
86231,0,25.0
86246,0,25.0
86261,0,25.0
86276,0,25.0
86291,0,25.0
86306,0,25.0
86321,0,25.0
86336,0,25.0
86351,0,25.0
86366,0,25.0
86381,0,25.0
86396,0,25.0
86411,0,25.0
86426,0,25.0
86442,0,25.0
86457,0,25.0
86472,0,25.0
86487,0,25.0
86502,0,25.0
86517,0,25.0
86532,0,25.0
86547,0,25.0
86562,0,25.0
86577,0,25.0
86592,0,25.0
86607,0,25.0
86622,0,25.0
86637,0,25.0
86652,0,25.0
86668,0,25.0
86683,0,25.0
86698,0,25.0
86713,0,25.0
86728,0,25.0
86743,0,25.0
86758,0,25.0
86773,0,25.0
86788,0,25.0
86803,0,25.0
86818,0,25.0
86833,0,25.0
86848,0,25.0
86863,0,25.0
86878,0,25.0
86893,0,25.0
86909,0,25.0
86924,0,25.0
86939,0,25.0
86954,0,25.0
86969,0,25.0
86984,0,25.0
86999,0,25.0
87014,0,25.0
87029,0,25.0
87044,0,25.0
87059,0,25.0
87074,0,25.0
87089,0,25.0
87104,0,25.0
87119,0,25.0
87135,0,25.0
87150,0,25.0
87165,0,25.0
87180,0,25.0
87195,0,25.0
87210,0,25.0
87225,0,25.0
87240,0,25.0
87255,0,25.0
87270,0,25.0
87285,0,25.0
87300,1,25.0
87315,13,25.0
87330,15,25.0
87345,12,25.0
87361,16,25.0
87376,19,25.0
87391,19,25.0
87406,19,25.0
87421,20,25.0
87436,24,25.0
87451,27,25.0
87466,30,25.0
87481,26,25.0
87496,33,25.0
87511,31,25.0
87526,36,25.0
87541,36,25.0
87556,39,25.0
87571,48,25.0
87586,48,25.0
87602,44,25.0
87617,41,25.0
87632,56,25.0
87647,55,25.0
87662,49,25.0
87677,53,25.0
87692,58,25.0
87707,62,25.0
87722,59,25.0
87737,67,25.0
87752,69,25.0
87767,66,25.0
87782,71,25.0
87797,76,25.0
87812,70,25.0
87828,76,25.0
87843,81,25.0
87858,87,25.0
87873,81,25.0
87888,83,25.0
87903,89,25.0
87918,86,25.0
87933,88,25.0
87948,86,25.0
87963,96,25.0
87978,102,25.0
87993,99,25.0
88008,102,25.0
88023,98,25.0
88038,100,25.0
88053,96,25.0
88069,105,25.0
88084,103,25.0
88099,106,25.0
88114,105,25.0
88129,112,25.0
88144,111,25.0
88159,115,25.0
88174,120,25.0
88189,114,25.0
88204,118,25.0
88219,125,25.0
88234,127,25.0
88249,129,25.0
88264,123,25.0
88279,127,25.0
88295,127,25.0
88310,131,25.0
88325,121,25.0
88340,134,25.0
88355,140,25.0
88370,134,25.0
88385,135,25.0
88400,142,25.0
88415,143,25.0
88430,143,25.0
88445,141,25.0
88460,146,25.0
88475,148,25.0
88490,143,25.0
88505,150,25.0
88521,143,25.0
88536,155,25.0
88551,150,25.0
88566,150,25.0
88581,161,25.0
88596,167,25.0
88611,159,25.0
88626,161,25.0
88641,167,25.0
88656,162,25.0
88671,161,25.0
88686,167,25.0
88701,175,25.0
88716,177,25.0
88731,172,25.0
88746,169,25.0
88762,177,25.0
88777,179,25.0
88792,175,25.0
88807,179,25.0
88822,178,25.0
88837,180,25.0
88852,184,25.0
88867,192,25.0
88882,196,25.0
88897,192,25.0
88912,191,25.0
88927,198,25.0
88942,196,25.0
88957,194,25.0
88972,198,25.0
88988,197,25.0
89003,209,25.0
89018,207,25.0
89033,206,25.0
89048,211,25.0
89063,216,25.0
89078,214,25.0
89093,211,25.0
89108,217,25.0
89123,216,25.0
89138,226,25.0
89153,224,25.0
89168,229,25.0
89183,228,25.0
89198,231,25.0
89213,236,25.0
89229,227,25.0
89244,238,25.0
89259,237,25.0
89274,239,25.0
89289,244,25.0
89304,250,25.0
89319,243,25.0
89334,245,25.0
89349,254,25.0
89364,252,25.0
89379,248,25.0
89394,258,25.0
89409,257,25.0
89424,259,25.0
89439,263,25.0
89455,255,25.0
89470,263,25.0
89485,263,25.0
89500,265,25.0
89515,266,25.0
89530,281,25.0
89545,277,25.0
89560,280,25.0
89575,278,25.0
89590,280,25.0
89605,278,25.0
89620,283,25.0
89635,284,25.0
89650,281,25.0
89665,282,25.0
89681,280,25.0
89696,287,25.0
89711,285,25.0
89726,294,25.0
89741,286,25.0
89756,295,25.0
89771,300,25.0
89786,302,25.0
89801,301,25.0
89816,307,25.0
89831,317,25.0
89846,312,25.0
89861,317,25.0
89876,324,25.0
89891,318,25.0
89906,317,25.0
89922,327,25.0
89937,332,25.0
89952,332,25.0
89967,332,25.0
89982,335,25.0
89997,345,25.0
90012,346,25.0
90027,340,25.0
90042,355,25.0
90057,355,25.0
90072,355,25.0
90087,368,25.0
90102,369,25.0
90117,374,25.0
90132,380,25.0
90148,378,25.0
90163,384,25.0
90178,385,25.0
90193,391,25.0
90208,391,25.0
90223,401,25.0
90238,408,25.0
90253,415,25.0
90268,412,25.0
90283,423,25.0
90298,423,25.0
90313,427,25.0
90328,432,25.0
90343,428,25.0
90358,441,25.0
90374,444,25.0
90389,448,25.0
90404,451,25.0
90419,455,25.0
90434,460,25.0
90449,462,25.0
90464,465,25.0
90479,467,25.0
90494,478,25.0
90509,478,25.0
90524,479,25.0
90539,485,25.0
90554,494,25.0
90569,497,25.0
90584,495,25.0
90599,500,25.0
90615,508,25.0
90630,497,25.0
90645,511,25.0
90660,512,25.0
90675,513,25.0
90690,524,25.0
90705,523,25.0
90720,524,25.0
90735,530,25.0
90750,531,25.0
90765,541,25.0
90780,537,25.0
90795,536,25.0
90810,542,25.0
90825,549,25.0
90841,552,25.0
90856,548,25.0
90871,556,25.0
90886,559,25.0
90901,561,25.0
90916,562,25.0
90931,563,25.0
90946,568,25.0
90961,572,25.0
90976,577,25.0
90991,575,25.0
91006,575,25.0
91021,575,25.0
91036,582,25.0
91051,591,25.0
91066,589,25.0
91082,585,25.0
91097,590,25.0
91112,593,25.0
91127,599,25.0
91142,600,25.0
91157,598,25.0
91172,604,25.0
91187,605,25.0
91202,606,25.0
91217,608,25.0
91232,617,25.0
91247,611,25.0
91262,617,25.0
91277,622,25.0
91292,617,25.0
91308,625,25.0
91323,626,25.0
91338,632,25.0
91353,632,25.0
91368,639,25.0
91383,632,25.0
91398,637,25.0
91413,639,25.0
91428,639,25.0
91443,643,25.0
91458,647,25.0
91473,652,25.0
91488,647,25.0
91503,653,25.0
91518,661,25.0
91534,663,25.0
91549,665,25.0
91564,668,25.0
91579,673,25.0
91594,675,25.0
91609,668,25.0
91624,678,25.0
91639,673,25.0
91654,675,25.0
91669,685,25.0
91684,688,25.0
91699,688,25.0
91714,691,25.0
91729,699,25.0
91744,696,25.0
91759,700,25.0
91775,704,25.0
91790,707,25.0
91805,697,25.0
91820,710,25.0
91835,710,25.0
91850,713,25.0
91865,724,25.0
91880,719,25.0
91895,719,25.0
91910,729,25.0
91925,732,25.0
91940,729,25.0
91955,734,25.0
91970,739,25.0
91985,734,25.0
92001,739,25.0
92016,745,25.0
92031,746,25.0
92046,744,25.0
92061,750,25.0
92076,760,25.0
92091,761,25.0
92106,760,25.0
92121,763,25.0
92136,771,25.0
92151,764,25.0
92166,766,25.0
92181,772,25.0
92196,781,25.0
92211,772,25.0
92226,780,25.0
92242,778,25.0
92257,788,25.0
92272,787,25.0
92287,787,25.0
92302,792,25.0
92317,793,25.0
92332,793,25.0
92347,799,25.0
92362,792,25.0
92377,799,25.0
92392,799,25.0
92407,799,25.0
92422,806,25.0
92437,796,25.0
92452,807,25.0
92468,809,25.0
92483,812,25.0
92498,813,25.0
92513,814,25.0
92528,815,25.0
92543,818,25.0
92558,812,25.0
92573,820,25.0
92588,820,25.0
92603,821,25.0
92618,824,25.0
92633,818,25.0
92648,825,25.0
92663,824,25.0
92678,824,25.0
92694,831,25.0
92709,829,25.0
92724,830,25.0
92739,824,25.0
92754,838,25.0
92769,831,25.0
92784,840,25.0
92799,833,25.0
92814,839,25.0
92829,847,25.0
92844,844,25.0
92859,846,25.0
92874,851,25.0
92889,856,25.0
92904,854,25.0
92919,865,25.0
92935,860,25.0
92950,871,25.0
92965,865,25.0
92980,863,25.0
92995,868,25.0
93010,878,25.0
93025,872,25.0
93040,876,25.0
93055,880,25.0
93070,883,25.0
93085,884,25.0
93100,889,25.0
93115,886,25.0
93130,891,25.0
93145,897,25.0
93161,895,25.0
93176,901,25.0
93191,902,25.0
93206,906,25.0
93221,903,25.0
93236,907,25.0
93251,912,25.0
93266,917,25.0
93281,908,25.0
93296,923,25.0
93311,925,25.0
93326,923,25.0
93341,921,25.0
93356,928,25.0
93371,934,25.0
93387,929,25.0
93402,935,25.0
93417,929,25.0
93432,939,25.0
93447,940,25.0
93462,941,25.0
93477,944,25.0
93492,949,25.0
93507,951,25.0
93522,958,25.0
93537,959,25.0
93552,971,25.0
93567,966,25.0
93582,979,25.0
93597,988,25.0
93612,986,25.0
93628,998,25.0
93643,1006,25.0
93658,1011,25.0
93673,1017,25.0
93688,1022,25.0
93703,1016,25.0
93718,1023,25.0
93733,1023,25.0
93748,1023,25.0
93763,1023,25.0
93778,1023,25.0
93793,1023,25.0
93808,1023,25.0
93823,1023,25.0
93838,1023,25.0
93854,1023,25.0
93869,1023,25.0
93884,1023,25.0
93899,1023,25.0
93914,1023,25.0
93929,1023,25.0
93944,1023,25.0
93959,1023,25.0
93974,1023,25.0
93989,1023,25.0
94004,1023,25.0
94019,1023,25.0
94034,1023,25.0
94049,1023,25.0
94064,1023,25.0
94079,1023,25.0
94095,1023,25.0
94110,1023,25.0
94125,1023,25.0
94140,1023,25.0
94155,1023,25.0
94170,1023,25.0
94185,1023,25.0
94200,1023,25.0
94215,1023,25.0
94230,1023,25.0
94245,1023,25.0
94260,1023,25.0
94275,1023,25.0
94290,1023,25.0
94305,1023,25.0
94321,1023,25.0
94336,1023,25.0
94351,1023,25.0
94366,1023,25.0
94381,1023,25.0
94396,1023,25.0
94411,1023,25.0
94426,1023,25.0
94441,1023,25.0
94456,1023,25.0
94471,1023,25.0
94486,1023,25.0
94501,1023,25.0
94516,1023,25.0
94531,1023,25.0
94547,1023,25.0
94562,1023,25.0
94577,1023,25.0
94592,1023,25.0
94607,1023,25.0
94622,1023,25.0
94637,1023,25.0
94652,1023,25.0
94667,1023,25.0
94682,1023,25.0
94697,1023,25.0
94712,1023,25.0
94727,1023,25.0
94742,1023,25.0
94757,1023,25.0
94772,1023,25.0
94788,1023,25.0
94803,1023,25.0
94818,1023,25.0
94833,1023,25.0
94848,1023,25.0
94863,1023,25.0
94878,1023,25.0
94893,1023,25.0
94908,1023,25.0
94923,1023,25.0
94938,1023,25.0
94953,1023,25.0
94968,1023,25.0
94983,1023,25.0
94998,1023,25.0
95014,1023,25.0
95029,1023,25.0
95044,1023,25.0
95059,1023,25.0
95074,1023,25.0
95089,1023,25.0
95104,1023,25.0
95119,1023,25.0
95134,1023,25.0
95149,1023,25.0
95164,1023,25.0
95179,1023,25.0
95194,1023,25.0
95209,1023,25.0
95224,1023,25.0
95239,1023,25.0
95255,1023,25.0
95270,1023,25.0
95285,1023,25.0
95300,1023,25.0
95315,1023,25.0
95330,1023,25.0
95345,1023,25.0
95360,1023,25.0
95375,1023,25.0
95390,1023,25.0
95405,1023,25.0
95420,1023,25.0
95435,1023,25.0
95450,1022,25.0
95465,1023,25.0
95481,1021,25.0
95496,1023,25.0
95511,1015,25.0
95526,1013,25.0
95541,1016,25.0
95556,1008,25.0
95571,1014,25.0
95586,1008,25.0
95601,1006,25.0
95616,985,25.0
95631,982,25.0
95646,976,25.0
95661,975,25.0
95676,968,25.0
95691,967,25.0
95707,967,25.0
95722,969,25.0
95737,964,25.0
95752,961,25.0
95767,958,25.0
95782,960,25.0
95797,956,25.0
95812,956,25.0
95827,952,25.0
95842,950,25.0
95857,939,25.0
95872,948,25.0
95887,947,25.0
95902,940,25.0
95917,942,25.0
95932,942,25.0
95948,944,25.0
95963,931,25.0
95978,932,25.0
95993,935,25.0
96008,931,25.0
96023,924,25.0
96038,927,25.0
96053,926,25.0
96068,920,25.0
96083,913,25.0
96098,918,25.0
96113,910,25.0
96128,916,25.0
96143,915,25.0
96158,909,25.0
96174,908,25.0
96189,907,25.0
96204,898,25.0
96219,903,25.0
96234,899,25.0
96249,899,25.0
96264,901,25.0
96279,899,25.0
96294,891,25.0
96309,892,25.0
96324,893,25.0
96339,890,25.0
96354,886,25.0
96369,888,25.0
96384,883,25.0
